sample_id,location,label,date,pH,moisture,organic_content,temperature,nitrate
Punjab_Wheat_Belt_20240115_rep1,Punjab Wheat Belt,unpolluted,2024-01-15,7.46,45.8,1.45,31.06,11.8
Punjab_Wheat_Belt_20240115_rep2,Punjab Wheat Belt,unpolluted,2024-01-15,7.11,32.3,3.01,29.7,15.68
Punjab_Wheat_Belt_20240115_rep3,Punjab Wheat Belt,unpolluted,2024-01-15,7.16,35.7,3.18,28.03,16.88
Punjab_Wheat_Belt_20240115_rep4,Punjab Wheat Belt,unpolluted,2024-01-15,7.02,41.2,3.08,26.68,23.02
Punjab_Wheat_Belt_20240115_rep5,Punjab Wheat Belt,unpolluted,2024-01-15,7.06,27.6,2.72,28.69,25.7
Punjab_Wheat_Belt_20240215_rep1,Punjab Wheat Belt,unpolluted,2024-02-15,7.95,39.9,2.28,31.7,13.38
Punjab_Wheat_Belt_20240215_rep2,Punjab Wheat Belt,unpolluted,2024-02-15,6.59,38.6,3.08,31.87,18.58
Punjab_Wheat_Belt_20240215_rep3,Punjab Wheat Belt,unpolluted,2024-02-15,7.07,28.7,2.39,26.43,22.2
Punjab_Wheat_Belt_20240215_rep4,Punjab Wheat Belt,unpolluted,2024-02-15,6.77,42.9,2.97,30.45,23.2
Punjab_Wheat_Belt_20240215_rep5,Punjab Wheat Belt,unpolluted,2024-02-15,6.56,34.9,0.94,27.08,37.85
Punjab_Wheat_Belt_20240315_rep1,Punjab Wheat Belt,unpolluted,2024-03-15,7.26,45.9,3.75,27.66,31.92
Punjab_Wheat_Belt_20240315_rep2,Punjab Wheat Belt,unpolluted,2024-03-15,7.12,39.6,2.85,31.31,16.99
Punjab_Wheat_Belt_20240315_rep3,Punjab Wheat Belt,unpolluted,2024-03-15,7.19,32.4,1.02,27.84,18.03
Punjab_Wheat_Belt_20240415_rep1,Punjab Wheat Belt,unpolluted,2024-04-15,7.79,35.2,4.61,28.2,23.86
Punjab_Wheat_Belt_20240415_rep2,Punjab Wheat Belt,unpolluted,2024-04-15,6.76,38.3,3.41,29.59,27.34
Punjab_Wheat_Belt_20240415_rep3,Punjab Wheat Belt,unpolluted,2024-04-15,8.12,35.8,1.87,28.43,22.77
Punjab_Wheat_Belt_20240415_rep4,Punjab Wheat Belt,unpolluted,2024-04-15,6.87,36.1,2.49,29.46,22.03
Punjab_Wheat_Belt_20240515_rep1,Punjab Wheat Belt,unpolluted,2024-05-15,6.78,38.5,1.53,27.88,26.66
Punjab_Wheat_Belt_20240515_rep2,Punjab Wheat Belt,unpolluted,2024-05-15,7.09,37.9,2.44,30.88,22.95
Punjab_Wheat_Belt_20240515_rep3,Punjab Wheat Belt,unpolluted,2024-05-15,7.41,33.2,2.96,27.82,15.62
Varanasi_Rice_Farm_20240115_rep1,Varanasi Rice Farm,polluted,2024-01-15,5.89,29.0,2.32,30.05,64.01
Varanasi_Rice_Farm_20240115_rep2,Varanasi Rice Farm,polluted,2024-01-15,6.1,30.9,1.93,30.41,31.24
Varanasi_Rice_Farm_20240115_rep3,Varanasi Rice Farm,polluted,2024-01-15,7.08,17.3,1.86,31.49,44.47
Varanasi_Rice_Farm_20240215_rep1,Varanasi Rice Farm,polluted,2024-02-15,5.71,23.0,1.59,31.01,62.5
Varanasi_Rice_Farm_20240215_rep2,Varanasi Rice Farm,polluted,2024-02-15,6.88,32.9,2.68,32.92,66.67
Varanasi_Rice_Farm_20240215_rep3,Varanasi Rice Farm,polluted,2024-02-15,5.8,27.9,1.8,33.8,73.86
Varanasi_Rice_Farm_20240315_rep1,Varanasi Rice Farm,unpolluted,2024-03-15,7.41,39.8,1.63,28.21,10.47
Varanasi_Rice_Farm_20240315_rep2,Varanasi Rice Farm,polluted,2024-03-15,6.0,31.4,2.78,26.59,28.27
Varanasi_Rice_Farm_20240315_rep3,Varanasi Rice Farm,unpolluted,2024-03-15,6.87,38.8,4.14,27.99,3.73
Varanasi_Rice_Farm_20240415_rep1,Varanasi Rice Farm,polluted,2024-04-15,6.67,40.7,2.28,33.86,51.42
Varanasi_Rice_Farm_20240415_rep2,Varanasi Rice Farm,polluted,2024-04-15,6.0,31.3,2.29,29.48,37.74
Varanasi_Rice_Farm_20240415_rep3,Varanasi Rice Farm,polluted,2024-04-15,5.73,24.5,2.48,31.4,41.52
Varanasi_Rice_Farm_20240515_rep1,Varanasi Rice Farm,unpolluted,2024-05-15,7.37,44.8,3.09,28.25,10.43
Varanasi_Rice_Farm_20240515_rep2,Varanasi Rice Farm,polluted,2024-05-15,5.53,43.0,1.76,31.37,32.53
Varanasi_Rice_Farm_20240515_rep3,Varanasi Rice Farm,unpolluted,2024-05-15,7.56,35.9,2.54,30.35,11.99
Varanasi_Rice_Farm_20240515_rep4,Varanasi Rice Farm,unpolluted,2024-05-15,7.35,34.2,3.87,31.33,15.71
Coimbatore_Sugarcane_Field_20240115_rep1,Coimbatore Sugarcane Field,unpolluted,2024-01-15,6.97,39.3,1.82,26.37,21.64
Coimbatore_Sugarcane_Field_20240115_rep2,Coimbatore Sugarcane Field,unpolluted,2024-01-15,8.03,33.3,4.1,30.38,13.41
Coimbatore_Sugarcane_Field_20240115_rep3,Coimbatore Sugarcane Field,unpolluted,2024-01-15,6.62,35.6,2.9,30.73,21.86
Coimbatore_Sugarcane_Field_20240115_rep4,Coimbatore Sugarcane Field,unpolluted,2024-01-15,7.07,39.6,2.75,29.69,27.58
Coimbatore_Sugarcane_Field_20240115_rep5,Coimbatore Sugarcane Field,unpolluted,2024-01-15,7.54,34.3,3.72,26.51,18.31
Coimbatore_Sugarcane_Field_20240215_rep1,Coimbatore Sugarcane Field,unpolluted,2024-02-15,6.95,32.9,4.3,32.95,20.85
Coimbatore_Sugarcane_Field_20240215_rep2,Coimbatore Sugarcane Field,unpolluted,2024-02-15,6.66,29.7,5.96,30.76,32.59
Coimbatore_Sugarcane_Field_20240215_rep3,Coimbatore Sugarcane Field,unpolluted,2024-02-15,6.76,45.6,2.59,32.79,22.27
Coimbatore_Sugarcane_Field_20240215_rep4,Coimbatore Sugarcane Field,unpolluted,2024-02-15,7.41,42.8,3.19,26.22,22.33
Coimbatore_Sugarcane_Field_20240215_rep5,Coimbatore Sugarcane Field,unpolluted,2024-02-15,7.3,32.3,2.57,30.98,35.4
Coimbatore_Sugarcane_Field_20240215_rep6,Coimbatore Sugarcane Field,unpolluted,2024-02-15,7.28,37.1,3.45,28.46,20.71
Coimbatore_Sugarcane_Field_20240315_rep1,Coimbatore Sugarcane Field,unpolluted,2024-03-15,7.28,44.3,5.11,28.26,20.67
Coimbatore_Sugarcane_Field_20240315_rep2,Coimbatore Sugarcane Field,unpolluted,2024-03-15,7.47,40.3,2.19,28.56,26.26
Coimbatore_Sugarcane_Field_20240315_rep3,Coimbatore Sugarcane Field,unpolluted,2024-03-15,6.58,41.2,2.31,30.06,17.59
Coimbatore_Sugarcane_Field_20240315_rep4,Coimbatore Sugarcane Field,unpolluted,2024-03-15,7.91,42.8,2.96,27.26,12.67
Coimbatore_Sugarcane_Field_20240315_rep5,Coimbatore Sugarcane Field,unpolluted,2024-03-15,6.8,34.8,2.22,27.07,0.68
Coimbatore_Sugarcane_Field_20240315_rep6,Coimbatore Sugarcane Field,unpolluted,2024-03-15,7.08,40.2,1.13,27.43,33.32
Coimbatore_Sugarcane_Field_20240415_rep1,Coimbatore Sugarcane Field,unpolluted,2024-04-15,7.51,39.3,3.4,28.55,14.63
Coimbatore_Sugarcane_Field_20240415_rep2,Coimbatore Sugarcane Field,unpolluted,2024-04-15,7.08,31.9,2.99,28.75,18.2
Coimbatore_Sugarcane_Field_20240415_rep3,Coimbatore Sugarcane Field,unpolluted,2024-04-15,7.19,40.6,4.68,28.75,8.07
Coimbatore_Sugarcane_Field_20240415_rep4,Coimbatore Sugarcane Field,unpolluted,2024-04-15,6.66,34.9,1.82,29.72,23.75
Coimbatore_Sugarcane_Field_20240515_rep1,Coimbatore Sugarcane Field,unpolluted,2024-05-15,6.75,37.3,2.75,31.39,28.88
Coimbatore_Sugarcane_Field_20240515_rep2,Coimbatore Sugarcane Field,unpolluted,2024-05-15,6.62,39.3,2.65,30.52,32.46
Coimbatore_Sugarcane_Field_20240515_rep3,Coimbatore Sugarcane Field,unpolluted,2024-05-15,7.25,44.1,2.96,30.67,28.51
Coimbatore_Sugarcane_Field_20240515_rep4,Coimbatore Sugarcane Field,unpolluted,2024-05-15,7.3,38.1,2.34,28.45,20.37
Nagpur_Cotton_Field_20240115_rep1,Nagpur Cotton Field,unpolluted,2024-01-15,7.28,40.3,3.74,28.52,31.01
Nagpur_Cotton_Field_20240115_rep2,Nagpur Cotton Field,polluted,2024-01-15,6.09,42.0,2.99,32.59,48.23
Nagpur_Cotton_Field_20240115_rep3,Nagpur Cotton Field,polluted,2024-01-15,5.65,31.9,0.19,30.49,54.02
Nagpur_Cotton_Field_20240115_rep4,Nagpur Cotton Field,polluted,2024-01-15,5.23,23.4,1.73,33.43,45.62
Nagpur_Cotton_Field_20240115_rep5,Nagpur Cotton Field,polluted,2024-01-15,5.88,30.1,1.67,31.02,39.68
Nagpur_Cotton_Field_20240215_rep1,Nagpur Cotton Field,polluted,2024-02-15,5.87,28.4,1.86,28.99,50.92
Nagpur_Cotton_Field_20240215_rep2,Nagpur Cotton Field,polluted,2024-02-15,6.13,38.6,2.96,32.29,72.15
Nagpur_Cotton_Field_20240215_rep3,Nagpur Cotton Field,polluted,2024-02-15,5.31,29.2,2.26,27.25,85.47
Nagpur_Cotton_Field_20240315_rep1,Nagpur Cotton Field,unpolluted,2024-03-15,6.68,44.3,3.23,26.25,8.38
Nagpur_Cotton_Field_20240315_rep2,Nagpur Cotton Field,unpolluted,2024-03-15,7.08,35.1,1.64,26.97,26.19
Nagpur_Cotton_Field_20240315_rep3,Nagpur Cotton Field,polluted,2024-03-15,6.21,32.1,1.97,30.15,49.22
Nagpur_Cotton_Field_20240315_rep4,Nagpur Cotton Field,polluted,2024-03-15,5.1,32.8,3.34,28.11,64.16
Nagpur_Cotton_Field_20240315_rep5,Nagpur Cotton Field,polluted,2024-03-15,6.66,31.9,1.3,31.01,53.86
Nagpur_Cotton_Field_20240415_rep1,Nagpur Cotton Field,unpolluted,2024-04-15,6.62,35.7,3.81,29.97,20.35
Nagpur_Cotton_Field_20240415_rep2,Nagpur Cotton Field,polluted,2024-04-15,6.59,28.8,2.43,31.38,63.48
Nagpur_Cotton_Field_20240415_rep3,Nagpur Cotton Field,polluted,2024-04-15,5.9,37.5,2.13,29.75,47.29
Nagpur_Cotton_Field_20240415_rep4,Nagpur Cotton Field,polluted,2024-04-15,6.21,23.9,1.41,28.92,62.88
Nagpur_Cotton_Field_20240415_rep5,Nagpur Cotton Field,polluted,2024-04-15,5.51,33.8,1.76,34.71,51.01
Nagpur_Cotton_Field_20240415_rep6,Nagpur Cotton Field,polluted,2024-04-15,5.7,34.3,3.49,33.56,75.07
Nagpur_Cotton_Field_20240515_rep1,Nagpur Cotton Field,unpolluted,2024-05-15,7.08,23.0,2.79,27.81,20.96
Nagpur_Cotton_Field_20240515_rep2,Nagpur Cotton Field,polluted,2024-05-15,5.72,39.4,0.58,32.44,56.69
Nagpur_Cotton_Field_20240515_rep3,Nagpur Cotton Field,polluted,2024-05-15,5.61,36.8,2.62,27.88,41.14
Nagpur_Cotton_Field_20240515_rep4,Nagpur Cotton Field,polluted,2024-05-15,6.82,26.0,2.5,34.42,40.78
Nagpur_Cotton_Field_20240515_rep5,Nagpur Cotton Field,polluted,2024-05-15,5.44,26.4,2.36,31.98,44.79
Jaipur_Mustard_Farm_20240115_rep1,Jaipur Mustard Farm,unpolluted,2024-01-15,7.63,40.1,4.63,30.17,16.92
Jaipur_Mustard_Farm_20240115_rep2,Jaipur Mustard Farm,polluted,2024-01-15,6.14,17.8,2.51,30.27,58.39
Jaipur_Mustard_Farm_20240115_rep3,Jaipur Mustard Farm,unpolluted,2024-01-15,6.49,41.0,3.85,28.4,14.58
Jaipur_Mustard_Farm_20240115_rep4,Jaipur Mustard Farm,unpolluted,2024-01-15,6.54,39.9,2.98,29.39,20.98
Jaipur_Mustard_Farm_20240115_rep5,Jaipur Mustard Farm,unpolluted,2024-01-15,7.46,39.0,2.06,31.72,18.88
Jaipur_Mustard_Farm_20240115_rep6,Jaipur Mustard Farm,unpolluted,2024-01-15,7.24,39.3,3.35,30.58,30.03
Jaipur_Mustard_Farm_20240215_rep1,Jaipur Mustard Farm,unpolluted,2024-02-15,7.63,29.9,3.06,30.07,21.87
Jaipur_Mustard_Farm_20240215_rep2,Jaipur Mustard Farm,unpolluted,2024-02-15,7.03,39.3,2.65,26.99,22.21
Jaipur_Mustard_Farm_20240215_rep3,Jaipur Mustard Farm,unpolluted,2024-02-15,6.62,40.9,3.36,26.92,16.75
Jaipur_Mustard_Farm_20240215_rep4,Jaipur Mustard Farm,unpolluted,2024-02-15,7.85,41.8,3.09,28.05,20.6
Jaipur_Mustard_Farm_20240315_rep1,Jaipur Mustard Farm,unpolluted,2024-03-15,7.09,35.3,3.46,26.28,30.12
Jaipur_Mustard_Farm_20240315_rep2,Jaipur Mustard Farm,unpolluted,2024-03-15,7.08,40.0,3.17,28.63,23.56
Jaipur_Mustard_Farm_20240315_rep3,Jaipur Mustard Farm,unpolluted,2024-03-15,7.43,40.1,1.53,29.79,28.99
Jaipur_Mustard_Farm_20240315_rep4,Jaipur Mustard Farm,unpolluted,2024-03-15,7.09,40.5,1.57,26.57,29.02
Jaipur_Mustard_Farm_20240315_rep5,Jaipur Mustard Farm,unpolluted,2024-03-15,7.39,35.0,2.61,28.49,21.21
Jaipur_Mustard_Farm_20240315_rep6,Jaipur Mustard Farm,unpolluted,2024-03-15,6.99,23.3,2.47,28.2,30.99
Jaipur_Mustard_Farm_20240415_rep1,Jaipur Mustard Farm,unpolluted,2024-04-15,7.42,39.4,3.14,24.64,14.8
Jaipur_Mustard_Farm_20240415_rep2,Jaipur Mustard Farm,unpolluted,2024-04-15,7.01,36.4,2.22,26.54,24.96
Jaipur_Mustard_Farm_20240415_rep3,Jaipur Mustard Farm,unpolluted,2024-04-15,7.83,34.6,2.57,25.06,32.08
Jaipur_Mustard_Farm_20240515_rep1,Jaipur Mustard Farm,unpolluted,2024-05-15,7.6,38.8,3.52,30.32,12.93
Jaipur_Mustard_Farm_20240515_rep2,Jaipur Mustard Farm,unpolluted,2024-05-15,7.39,32.8,1.79,28.31,23.41
Jaipur_Mustard_Farm_20240515_rep3,Jaipur Mustard Farm,unpolluted,2024-05-15,7.44,47.3,3.25,27.99,15.7
Jaipur_Mustard_Farm_20240515_rep4,Jaipur Mustard Farm,unpolluted,2024-05-15,7.51,28.9,1.77,29.77,31.04
Jaipur_Mustard_Farm_20240515_rep5,Jaipur Mustard Farm,unpolluted,2024-05-15,6.97,36.6,2.67,31.34,24.09
Jaipur_Mustard_Farm_20240515_rep6,Jaipur Mustard Farm,unpolluted,2024-05-15,6.98,36.3,2.84,32.03,26.48
Assam_Tea_Plantation_20240115_rep1,Assam Tea Plantation,unpolluted,2024-01-15,6.96,30.5,2.26,26.93,15.37
Assam_Tea_Plantation_20240115_rep2,Assam Tea Plantation,polluted,2024-01-15,5.84,25.5,0.77,30.47,72.04
Assam_Tea_Plantation_20240115_rep3,Assam Tea Plantation,unpolluted,2024-01-15,7.36,40.5,4.66,31.49,4.31
Assam_Tea_Plantation_20240115_rep4,Assam Tea Plantation,unpolluted,2024-01-15,6.97,51.6,0.25,32.15,10.36
Assam_Tea_Plantation_20240115_rep5,Assam Tea Plantation,unpolluted,2024-01-15,7.95,30.9,3.91,28.68,24.09
Assam_Tea_Plantation_20240215_rep1,Assam Tea Plantation,unpolluted,2024-02-15,7.05,20.8,3.96,28.19,23.03
Assam_Tea_Plantation_20240215_rep2,Assam Tea Plantation,unpolluted,2024-02-15,7.43,28.9,3.01,27.21,10.53
Assam_Tea_Plantation_20240215_rep3,Assam Tea Plantation,unpolluted,2024-02-15,7.21,34.3,2.97,28.68,20.96
Assam_Tea_Plantation_20240215_rep4,Assam Tea Plantation,unpolluted,2024-02-15,7.3,36.0,2.55,30.14,20.42
Assam_Tea_Plantation_20240315_rep1,Assam Tea Plantation,unpolluted,2024-03-15,7.23,38.5,3.06,27.02,33.68
Assam_Tea_Plantation_20240315_rep2,Assam Tea Plantation,polluted,2024-03-15,5.83,29.2,2.15,32.62,43.48
Assam_Tea_Plantation_20240315_rep3,Assam Tea Plantation,unpolluted,2024-03-15,6.93,32.9,2.36,29.07,29.68
Assam_Tea_Plantation_20240315_rep4,Assam Tea Plantation,unpolluted,2024-03-15,6.84,30.9,2.33,28.42,17.08
Assam_Tea_Plantation_20240415_rep1,Assam Tea Plantation,unpolluted,2024-04-15,7.11,47.4,4.08,27.08,14.42
Assam_Tea_Plantation_20240415_rep2,Assam Tea Plantation,unpolluted,2024-04-15,6.79,42.4,3.51,31.5,24.25
Assam_Tea_Plantation_20240415_rep3,Assam Tea Plantation,unpolluted,2024-04-15,6.79,31.6,3.02,26.02,13.1
Assam_Tea_Plantation_20240515_rep1,Assam Tea Plantation,unpolluted,2024-05-15,6.92,40.9,4.06,27.42,17.81
Assam_Tea_Plantation_20240515_rep2,Assam Tea Plantation,unpolluted,2024-05-15,7.37,39.5,2.5,27.41,25.08
Assam_Tea_Plantation_20240515_rep3,Assam Tea Plantation,unpolluted,2024-05-15,7.05,43.2,3.65,26.89,22.12
Assam_Tea_Plantation_20240515_rep4,Assam Tea Plantation,unpolluted,2024-05-15,7.25,39.9,4.26,32.35,8.96
Assam_Tea_Plantation_20240515_rep5,Assam Tea Plantation,unpolluted,2024-05-15,7.63,43.9,3.31,32.37,23.34
Bhopal_Soybean_Zone_20240115_rep1,Bhopal Soybean Zone,polluted,2024-01-15,5.6,31.5,2.04,32.0,64.42
Bhopal_Soybean_Zone_20240115_rep2,Bhopal Soybean Zone,unpolluted,2024-01-15,7.84,36.9,1.95,29.72,14.31
Bhopal_Soybean_Zone_20240115_rep3,Bhopal Soybean Zone,polluted,2024-01-15,5.95,14.9,2.75,33.36,50.04
Bhopal_Soybean_Zone_20240115_rep4,Bhopal Soybean Zone,polluted,2024-01-15,5.86,29.1,1.51,35.4,48.53
Bhopal_Soybean_Zone_20240115_rep5,Bhopal Soybean Zone,polluted,2024-01-15,5.97,36.9,1.62,30.59,61.32
Bhopal_Soybean_Zone_20240215_rep1,Bhopal Soybean Zone,polluted,2024-02-15,6.8,28.9,2.23,35.72,52.5
Bhopal_Soybean_Zone_20240215_rep2,Bhopal Soybean Zone,unpolluted,2024-02-15,6.64,36.3,3.18,28.26,9.22
Bhopal_Soybean_Zone_20240215_rep3,Bhopal Soybean Zone,polluted,2024-02-15,5.81,32.3,1.06,32.1,53.29
Bhopal_Soybean_Zone_20240215_rep4,Bhopal Soybean Zone,polluted,2024-02-15,5.65,23.2,2.57,31.99,45.16
Bhopal_Soybean_Zone_20240315_rep1,Bhopal Soybean Zone,polluted,2024-03-15,6.44,24.7,1.62,31.34,67.7
Bhopal_Soybean_Zone_20240315_rep2,Bhopal Soybean Zone,polluted,2024-03-15,6.3,25.9,2.27,27.37,66.05
Bhopal_Soybean_Zone_20240315_rep3,Bhopal Soybean Zone,polluted,2024-03-15,5.99,40.7,1.78,31.37,53.77
Bhopal_Soybean_Zone_20240315_rep4,Bhopal Soybean Zone,polluted,2024-03-15,6.24,34.9,1.62,32.73,59.0
Bhopal_Soybean_Zone_20240415_rep1,Bhopal Soybean Zone,polluted,2024-04-15,5.41,48.8,2.48,29.95,72.14
Bhopal_Soybean_Zone_20240415_rep2,Bhopal Soybean Zone,polluted,2024-04-15,6.46,29.1,2.86,27.85,59.06
Bhopal_Soybean_Zone_20240415_rep3,Bhopal Soybean Zone,polluted,2024-04-15,5.66,32.9,2.09,32.72,54.23
Bhopal_Soybean_Zone_20240415_rep4,Bhopal Soybean Zone,unpolluted,2024-04-15,6.41,50.3,4.55,30.05,28.44
Bhopal_Soybean_Zone_20240415_rep5,Bhopal Soybean Zone,polluted,2024-04-15,6.39,38.6,1.76,32.69,56.79
Bhopal_Soybean_Zone_20240415_rep6,Bhopal Soybean Zone,polluted,2024-04-15,4.95,42.8,0.95,30.8,47.31
Bhopal_Soybean_Zone_20240515_rep1,Bhopal Soybean Zone,polluted,2024-05-15,6.0,19.4,3.05,31.05,60.27
Bhopal_Soybean_Zone_20240515_rep2,Bhopal Soybean Zone,polluted,2024-05-15,6.18,25.4,2.12,30.18,47.19
Bhopal_Soybean_Zone_20240515_rep3,Bhopal Soybean Zone,polluted,2024-05-15,6.11,27.6,2.36,32.36,67.92
Bhopal_Soybean_Zone_20240515_rep4,Bhopal Soybean Zone,unpolluted,2024-05-15,7.2,37.9,3.12,28.68,19.96
Kerala_Paddy_Wetland_20240115_rep1,Kerala Paddy Wetland,unpolluted,2024-01-15,6.72,39.0,2.73,23.35,26.85
Kerala_Paddy_Wetland_20240115_rep2,Kerala Paddy Wetland,unpolluted,2024-01-15,7.26,34.4,2.58,26.0,22.72
Kerala_Paddy_Wetland_20240115_rep3,Kerala Paddy Wetland,unpolluted,2024-01-15,6.45,36.2,3.0,31.41,23.05
Kerala_Paddy_Wetland_20240115_rep4,Kerala Paddy Wetland,unpolluted,2024-01-15,6.82,34.1,0.83,30.03,23.43
Kerala_Paddy_Wetland_20240115_rep5,Kerala Paddy Wetland,unpolluted,2024-01-15,6.92,44.1,2.63,28.25,27.53
Kerala_Paddy_Wetland_20240115_rep6,Kerala Paddy Wetland,unpolluted,2024-01-15,7.24,41.4,1.93,30.61,28.52
Kerala_Paddy_Wetland_20240215_rep1,Kerala Paddy Wetland,unpolluted,2024-02-15,7.79,37.6,3.49,30.02,21.73
Kerala_Paddy_Wetland_20240215_rep2,Kerala Paddy Wetland,polluted,2024-02-15,6.69,34.8,2.19,29.2,45.89
Kerala_Paddy_Wetland_20240215_rep3,Kerala Paddy Wetland,unpolluted,2024-02-15,7.7,39.8,1.46,32.19,27.03
Kerala_Paddy_Wetland_20240215_rep4,Kerala Paddy Wetland,unpolluted,2024-02-15,7.42,37.3,2.27,25.41,18.46
Kerala_Paddy_Wetland_20240215_rep5,Kerala Paddy Wetland,unpolluted,2024-02-15,7.4,32.4,3.87,30.1,18.42
Kerala_Paddy_Wetland_20240315_rep1,Kerala Paddy Wetland,unpolluted,2024-03-15,6.97,38.1,2.74,30.24,23.04
Kerala_Paddy_Wetland_20240315_rep2,Kerala Paddy Wetland,unpolluted,2024-03-15,7.14,43.4,4.61,29.21,24.57
Kerala_Paddy_Wetland_20240315_rep3,Kerala Paddy Wetland,unpolluted,2024-03-15,7.11,30.5,5.6,27.01,21.53
Kerala_Paddy_Wetland_20240315_rep4,Kerala Paddy Wetland,unpolluted,2024-03-15,7.71,40.4,4.02,28.89,23.58
Kerala_Paddy_Wetland_20240315_rep5,Kerala Paddy Wetland,unpolluted,2024-03-15,7.62,37.3,2.51,28.77,18.76
Kerala_Paddy_Wetland_20240415_rep1,Kerala Paddy Wetland,unpolluted,2024-04-15,7.37,33.9,2.26,29.08,7.08
Kerala_Paddy_Wetland_20240415_rep2,Kerala Paddy Wetland,unpolluted,2024-04-15,7.05,44.9,2.72,27.21,20.6
Kerala_Paddy_Wetland_20240415_rep3,Kerala Paddy Wetland,polluted,2024-04-15,6.44,23.8,2.44,29.19,60.86
Kerala_Paddy_Wetland_20240415_rep4,Kerala Paddy Wetland,unpolluted,2024-04-15,6.83,32.7,2.33,30.05,18.29
Kerala_Paddy_Wetland_20240515_rep1,Kerala Paddy Wetland,unpolluted,2024-05-15,7.65,33.6,2.77,27.25,5.04
Kerala_Paddy_Wetland_20240515_rep2,Kerala Paddy Wetland,unpolluted,2024-05-15,7.68,50.3,3.18,26.1,12.02
Kerala_Paddy_Wetland_20240515_rep3,Kerala Paddy Wetland,unpolluted,2024-05-15,6.94,51.8,1.82,27.04,2.08
Kerala_Paddy_Wetland_20240515_rep4,Kerala Paddy Wetland,unpolluted,2024-05-15,7.41,33.8,3.39,26.79,20.33
Punjab_Wheat_Belt_20240115_rep1,Punjab Wheat Belt,unpolluted,2024-01-15,7.72,36.8,2.98,28.78,26.11
Punjab_Wheat_Belt_20240115_rep2,Punjab Wheat Belt,unpolluted,2024-01-15,6.58,37.9,2.53,30.27,29.02
Punjab_Wheat_Belt_20240115_rep3,Punjab Wheat Belt,unpolluted,2024-01-15,6.71,33.9,2.47,28.82,26.13
Punjab_Wheat_Belt_20240215_rep1,Punjab Wheat Belt,polluted,2024-02-15,6.69,32.0,2.97,28.33,55.36
Punjab_Wheat_Belt_20240215_rep2,Punjab Wheat Belt,unpolluted,2024-02-15,7.13,44.2,4.44,28.62,22.76
Punjab_Wheat_Belt_20240215_rep3,Punjab Wheat Belt,unpolluted,2024-02-15,7.3,40.6,2.74,30.21,19.07
Punjab_Wheat_Belt_20240315_rep1,Punjab Wheat Belt,unpolluted,2024-03-15,6.86,32.4,2.88,28.11,17.44
Punjab_Wheat_Belt_20240315_rep2,Punjab Wheat Belt,unpolluted,2024-03-15,7.49,34.0,3.82,28.86,21.85
Punjab_Wheat_Belt_20240315_rep3,Punjab Wheat Belt,unpolluted,2024-03-15,6.72,36.5,3.34,29.03,16.79
Punjab_Wheat_Belt_20240315_rep4,Punjab Wheat Belt,unpolluted,2024-03-15,7.55,43.7,2.97,29.2,21.93
Punjab_Wheat_Belt_20240415_rep1,Punjab Wheat Belt,unpolluted,2024-04-15,7.44,36.0,3.34,31.34,27.54
Punjab_Wheat_Belt_20240415_rep2,Punjab Wheat Belt,unpolluted,2024-04-15,6.9,37.8,1.93,27.86,10.97
Punjab_Wheat_Belt_20240415_rep3,Punjab Wheat Belt,unpolluted,2024-04-15,6.82,29.3,3.46,29.7,12.83
Punjab_Wheat_Belt_20240415_rep4,Punjab Wheat Belt,unpolluted,2024-04-15,7.36,44.8,2.32,26.87,27.47
Punjab_Wheat_Belt_20240515_rep1,Punjab Wheat Belt,unpolluted,2024-05-15,6.68,34.6,3.97,27.47,20.32
Punjab_Wheat_Belt_20240515_rep2,Punjab Wheat Belt,polluted,2024-05-15,6.36,29.4,1.8,31.93,43.9
Punjab_Wheat_Belt_20240515_rep3,Punjab Wheat Belt,unpolluted,2024-05-15,6.55,48.2,3.17,26.84,16.77
Varanasi_Rice_Farm_20240115_rep1,Varanasi Rice Farm,polluted,2024-01-15,6.62,39.5,1.34,30.56,52.26
Varanasi_Rice_Farm_20240115_rep2,Varanasi Rice Farm,polluted,2024-01-15,6.45,25.5,1.92,31.73,46.94
Varanasi_Rice_Farm_20240115_rep3,Varanasi Rice Farm,polluted,2024-01-15,6.79,41.5,2.72,33.21,60.47
Varanasi_Rice_Farm_20240115_rep4,Varanasi Rice Farm,unpolluted,2024-01-15,7.02,36.9,4.13,31.42,17.66
Varanasi_Rice_Farm_20240115_rep5,Varanasi Rice Farm,polluted,2024-01-15,6.1,31.4,1.47,32.85,66.53
Varanasi_Rice_Farm_20240215_rep1,Varanasi Rice Farm,polluted,2024-02-15,6.09,32.7,1.47,28.94,39.55
Varanasi_Rice_Farm_20240215_rep2,Varanasi Rice Farm,polluted,2024-02-15,6.24,42.1,3.31,34.43,55.03
Varanasi_Rice_Farm_20240215_rep3,Varanasi Rice Farm,unpolluted,2024-02-15,7.36,42.2,4.46,28.03,15.35
Varanasi_Rice_Farm_20240215_rep4,Varanasi Rice Farm,polluted,2024-02-15,5.93,37.0,1.58,28.83,74.15
Varanasi_Rice_Farm_20240215_rep5,Varanasi Rice Farm,unpolluted,2024-02-15,7.36,43.5,2.83,28.77,25.23
Varanasi_Rice_Farm_20240215_rep6,Varanasi Rice Farm,polluted,2024-02-15,6.15,31.5,2.35,34.95,52.35
Varanasi_Rice_Farm_20240315_rep1,Varanasi Rice Farm,unpolluted,2024-03-15,7.66,30.8,2.45,30.18,34.21
Varanasi_Rice_Farm_20240315_rep2,Varanasi Rice Farm,polluted,2024-03-15,6.07,26.2,1.01,31.1,33.22
Varanasi_Rice_Farm_20240315_rep3,Varanasi Rice Farm,polluted,2024-03-15,6.17,34.4,3.57,27.88,50.73
Varanasi_Rice_Farm_20240315_rep4,Varanasi Rice Farm,polluted,2024-03-15,6.36,26.1,2.61,30.33,57.76
Varanasi_Rice_Farm_20240415_rep1,Varanasi Rice Farm,polluted,2024-04-15,5.58,29.8,1.13,32.94,52.36
Varanasi_Rice_Farm_20240415_rep2,Varanasi Rice Farm,polluted,2024-04-15,5.69,38.9,2.38,28.19,58.13
Varanasi_Rice_Farm_20240415_rep3,Varanasi Rice Farm,polluted,2024-04-15,6.08,33.2,1.06,31.77,57.85
Varanasi_Rice_Farm_20240415_rep4,Varanasi Rice Farm,unpolluted,2024-04-15,6.87,30.6,2.61,26.76,15.01
Varanasi_Rice_Farm_20240515_rep1,Varanasi Rice Farm,unpolluted,2024-05-15,7.02,49.3,2.89,30.7,23.08
Varanasi_Rice_Farm_20240515_rep2,Varanasi Rice Farm,unpolluted,2024-05-15,7.24,44.6,2.86,26.98,8.49
Varanasi_Rice_Farm_20240515_rep3,Varanasi Rice Farm,polluted,2024-05-15,5.79,20.8,1.2,29.05,53.71
Varanasi_Rice_Farm_20240515_rep4,Varanasi Rice Farm,polluted,2024-05-15,5.83,22.3,1.95,30.74,59.92
Varanasi_Rice_Farm_20240515_rep5,Varanasi Rice Farm,unpolluted,2024-05-15,7.51,40.2,2.48,29.38,23.83
Coimbatore_Sugarcane_Field_20240115_rep1,Coimbatore Sugarcane Field,unpolluted,2024-01-15,7.36,25.4,2.79,27.88,7.21
Coimbatore_Sugarcane_Field_20240115_rep2,Coimbatore Sugarcane Field,unpolluted,2024-01-15,7.61,48.0,2.89,26.15,27.22
Coimbatore_Sugarcane_Field_20240115_rep3,Coimbatore Sugarcane Field,unpolluted,2024-01-15,7.67,47.7,1.77,27.99,17.91
Coimbatore_Sugarcane_Field_20240115_rep4,Coimbatore Sugarcane Field,unpolluted,2024-01-15,7.17,38.1,1.85,29.22,18.77
Coimbatore_Sugarcane_Field_20240115_rep5,Coimbatore Sugarcane Field,polluted,2024-01-15,6.97,40.0,2.24,32.36,62.78
Coimbatore_Sugarcane_Field_20240115_rep6,Coimbatore Sugarcane Field,polluted,2024-01-15,6.51,37.3,2.99,32.79,56.77
Coimbatore_Sugarcane_Field_20240215_rep1,Coimbatore Sugarcane Field,unpolluted,2024-02-15,6.64,36.3,3.02,29.66,21.22
Coimbatore_Sugarcane_Field_20240215_rep2,Coimbatore Sugarcane Field,unpolluted,2024-02-15,6.45,35.1,1.63,27.62,13.6
Coimbatore_Sugarcane_Field_20240215_rep3,Coimbatore Sugarcane Field,unpolluted,2024-02-15,6.58,35.7,1.79,28.29,29.12
Coimbatore_Sugarcane_Field_20240215_rep4,Coimbatore Sugarcane Field,unpolluted,2024-02-15,7.05,31.5,2.97,27.62,15.92
Coimbatore_Sugarcane_Field_20240215_rep5,Coimbatore Sugarcane Field,unpolluted,2024-02-15,6.83,34.8,1.79,30.05,24.62
Coimbatore_Sugarcane_Field_20240315_rep1,Coimbatore Sugarcane Field,unpolluted,2024-03-15,7.92,35.1,1.57,26.8,19.36
Coimbatore_Sugarcane_Field_20240315_rep2,Coimbatore Sugarcane Field,unpolluted,2024-03-15,7.23,41.0,4.26,26.57,23.41
Coimbatore_Sugarcane_Field_20240315_rep3,Coimbatore Sugarcane Field,polluted,2024-03-15,6.21,37.6,1.32,33.79,58.15
Coimbatore_Sugarcane_Field_20240315_rep4,Coimbatore Sugarcane Field,unpolluted,2024-03-15,6.72,41.8,2.43,30.48,13.93
Coimbatore_Sugarcane_Field_20240315_rep5,Coimbatore Sugarcane Field,unpolluted,2024-03-15,7.2,40.1,4.76,30.27,25.0
Coimbatore_Sugarcane_Field_20240415_rep1,Coimbatore Sugarcane Field,unpolluted,2024-04-15,6.94,38.5,2.87,28.33,14.29
Coimbatore_Sugarcane_Field_20240415_rep2,Coimbatore Sugarcane Field,unpolluted,2024-04-15,7.21,38.7,3.36,29.28,16.53
Coimbatore_Sugarcane_Field_20240415_rep3,Coimbatore Sugarcane Field,polluted,2024-04-15,6.0,21.7,2.73,31.46,54.3
Coimbatore_Sugarcane_Field_20240415_rep4,Coimbatore Sugarcane Field,unpolluted,2024-04-15,7.46,42.0,3.48,27.16,28.87
Coimbatore_Sugarcane_Field_20240515_rep1,Coimbatore Sugarcane Field,unpolluted,2024-05-15,7.32,33.1,4.7,25.62,26.35
Coimbatore_Sugarcane_Field_20240515_rep2,Coimbatore Sugarcane Field,unpolluted,2024-05-15,6.99,45.5,2.44,27.75,12.81
Coimbatore_Sugarcane_Field_20240515_rep3,Coimbatore Sugarcane Field,unpolluted,2024-05-15,7.25,41.4,4.4,25.74,20.2
Coimbatore_Sugarcane_Field_20240515_rep4,Coimbatore Sugarcane Field,unpolluted,2024-05-15,7.25,37.9,3.9,29.92,23.56
Nagpur_Cotton_Field_20240115_rep1,Nagpur Cotton Field,unpolluted,2024-01-15,7.59,37.4,3.02,28.42,23.91
Nagpur_Cotton_Field_20240115_rep2,Nagpur Cotton Field,unpolluted,2024-01-15,7.25,32.6,3.56,28.9,23.16
Nagpur_Cotton_Field_20240115_rep3,Nagpur Cotton Field,unpolluted,2024-01-15,7.33,41.9,3.1,31.45,29.15
Nagpur_Cotton_Field_20240115_rep4,Nagpur Cotton Field,polluted,2024-01-15,6.15,37.3,2.02,29.38,53.88
Nagpur_Cotton_Field_20240115_rep5,Nagpur Cotton Field,polluted,2024-01-15,5.73,23.8,2.4,28.36,44.56
Nagpur_Cotton_Field_20240215_rep1,Nagpur Cotton Field,polluted,2024-02-15,6.17,38.8,3.81,30.25,66.04
Nagpur_Cotton_Field_20240215_rep2,Nagpur Cotton Field,unpolluted,2024-02-15,7.02,27.6,2.37,29.4,23.78
Nagpur_Cotton_Field_20240215_rep3,Nagpur Cotton Field,polluted,2024-02-15,6.44,33.7,2.25,33.37,36.01
Nagpur_Cotton_Field_20240215_rep4,Nagpur Cotton Field,polluted,2024-02-15,6.28,39.1,1.26,31.57,46.6
Nagpur_Cotton_Field_20240315_rep1,Nagpur Cotton Field,unpolluted,2024-03-15,7.61,41.2,2.19,28.45,30.69
Nagpur_Cotton_Field_20240315_rep2,Nagpur Cotton Field,polluted,2024-03-15,5.56,35.1,1.62,32.76,56.66
Nagpur_Cotton_Field_20240315_rep3,Nagpur Cotton Field,polluted,2024-03-15,5.97,25.5,2.2,31.66,70.28
Nagpur_Cotton_Field_20240315_rep4,Nagpur Cotton Field,polluted,2024-03-15,5.74,34.8,1.52,31.49,67.31
Nagpur_Cotton_Field_20240315_rep5,Nagpur Cotton Field,unpolluted,2024-03-15,7.36,35.7,3.11,29.72,22.1
Nagpur_Cotton_Field_20240415_rep1,Nagpur Cotton Field,unpolluted,2024-04-15,7.2,37.2,4.7,30.91,28.81
Nagpur_Cotton_Field_20240415_rep2,Nagpur Cotton Field,polluted,2024-04-15,6.38,20.3,2.01,30.44,64.53
Nagpur_Cotton_Field_20240415_rep3,Nagpur Cotton Field,polluted,2024-04-15,6.3,45.2,1.81,27.36,60.31
Nagpur_Cotton_Field_20240415_rep4,Nagpur Cotton Field,unpolluted,2024-04-15,7.17,46.3,3.06,32.09,1.85
Nagpur_Cotton_Field_20240415_rep5,Nagpur Cotton Field,unpolluted,2024-04-15,7.07,41.3,1.74,30.52,24.12
Nagpur_Cotton_Field_20240415_rep6,Nagpur Cotton Field,unpolluted,2024-04-15,7.91,40.4,4.01,28.52,25.55
Nagpur_Cotton_Field_20240515_rep1,Nagpur Cotton Field,polluted,2024-05-15,5.86,40.8,2.16,30.84,39.74
Nagpur_Cotton_Field_20240515_rep2,Nagpur Cotton Field,unpolluted,2024-05-15,7.22,52.6,1.61,29.71,21.91
Nagpur_Cotton_Field_20240515_rep3,Nagpur Cotton Field,polluted,2024-05-15,6.3,37.4,1.73,32.07,58.44
Nagpur_Cotton_Field_20240515_rep4,Nagpur Cotton Field,unpolluted,2024-05-15,6.92,48.2,4.59,29.14,25.39
Nagpur_Cotton_Field_20240515_rep5,Nagpur Cotton Field,polluted,2024-05-15,5.57,29.8,2.44,28.02,65.85
Jaipur_Mustard_Farm_20240115_rep1,Jaipur Mustard Farm,unpolluted,2024-01-15,7.34,52.3,2.54,27.47,28.54
Jaipur_Mustard_Farm_20240115_rep2,Jaipur Mustard Farm,unpolluted,2024-01-15,7.24,35.7,2.76,29.51,20.45
Jaipur_Mustard_Farm_20240115_rep3,Jaipur Mustard Farm,unpolluted,2024-01-15,7.43,30.9,2.92,29.94,10.31
Jaipur_Mustard_Farm_20240115_rep4,Jaipur Mustard Farm,polluted,2024-01-15,5.4,30.9,2.07,33.83,49.03
Jaipur_Mustard_Farm_20240215_rep1,Jaipur Mustard Farm,unpolluted,2024-02-15,7.29,32.3,3.59,28.8,28.49
Jaipur_Mustard_Farm_20240215_rep2,Jaipur Mustard Farm,unpolluted,2024-02-15,7.41,36.7,3.3,23.77,27.15
Jaipur_Mustard_Farm_20240215_rep3,Jaipur Mustard Farm,polluted,2024-02-15,6.06,29.8,1.98,31.4,60.83
Jaipur_Mustard_Farm_20240215_rep4,Jaipur Mustard Farm,unpolluted,2024-02-15,7.48,34.8,3.1,26.92,21.84
Jaipur_Mustard_Farm_20240215_rep5,Jaipur Mustard Farm,unpolluted,2024-02-15,6.88,44.9,3.58,30.27,22.67
Jaipur_Mustard_Farm_20240315_rep1,Jaipur Mustard Farm,unpolluted,2024-03-15,6.86,38.1,2.42,27.96,15.38
Jaipur_Mustard_Farm_20240315_rep2,Jaipur Mustard Farm,unpolluted,2024-03-15,7.43,43.2,3.47,28.94,31.23
Jaipur_Mustard_Farm_20240315_rep3,Jaipur Mustard Farm,unpolluted,2024-03-15,7.07,38.3,3.43,30.16,3.39
Jaipur_Mustard_Farm_20240315_rep4,Jaipur Mustard Farm,unpolluted,2024-03-15,7.68,35.1,4.8,27.02,10.2
Jaipur_Mustard_Farm_20240315_rep5,Jaipur Mustard Farm,unpolluted,2024-03-15,7.08,36.2,1.61,30.28,19.5
Jaipur_Mustard_Farm_20240415_rep1,Jaipur Mustard Farm,unpolluted,2024-04-15,7.85,27.6,2.87,28.73,13.21
Jaipur_Mustard_Farm_20240415_rep2,Jaipur Mustard Farm,unpolluted,2024-04-15,7.06,50.6,3.17,28.99,13.65
Jaipur_Mustard_Farm_20240415_rep3,Jaipur Mustard Farm,unpolluted,2024-04-15,7.38,38.5,4.77,29.32,12.6
Jaipur_Mustard_Farm_20240415_rep4,Jaipur Mustard Farm,unpolluted,2024-04-15,7.31,36.4,3.89,26.12,32.29
Jaipur_Mustard_Farm_20240415_rep5,Jaipur Mustard Farm,unpolluted,2024-04-15,7.19,31.4,2.47,31.08,26.86
Jaipur_Mustard_Farm_20240515_rep1,Jaipur Mustard Farm,unpolluted,2024-05-15,7.26,37.6,4.85,29.62,21.52
Jaipur_Mustard_Farm_20240515_rep2,Jaipur Mustard Farm,unpolluted,2024-05-15,6.82,27.0,4.05,28.68,8.49
Jaipur_Mustard_Farm_20240515_rep3,Jaipur Mustard Farm,unpolluted,2024-05-15,7.54,42.0,4.95,27.34,18.89
Jaipur_Mustard_Farm_20240515_rep4,Jaipur Mustard Farm,unpolluted,2024-05-15,6.52,32.5,4.12,30.31,10.24
Assam_Tea_Plantation_20240115_rep1,Assam Tea Plantation,unpolluted,2024-01-15,6.82,47.3,3.29,30.5,25.27
Assam_Tea_Plantation_20240115_rep2,Assam Tea Plantation,unpolluted,2024-01-15,7.23,46.1,4.81,27.27,25.42
Assam_Tea_Plantation_20240115_rep3,Assam Tea Plantation,unpolluted,2024-01-15,6.52,32.6,1.18,28.77,15.15
Assam_Tea_Plantation_20240115_rep4,Assam Tea Plantation,unpolluted,2024-01-15,7.54,42.1,3.29,24.47,24.51
Assam_Tea_Plantation_20240115_rep5,Assam Tea Plantation,unpolluted,2024-01-15,6.98,48.4,2.48,30.06,31.94
Assam_Tea_Plantation_20240115_rep6,Assam Tea Plantation,polluted,2024-01-15,4.85,38.6,1.73,30.41,57.45
Assam_Tea_Plantation_20240215_rep1,Assam Tea Plantation,unpolluted,2024-02-15,7.63,45.0,3.04,29.68,17.89
Assam_Tea_Plantation_20240215_rep2,Assam Tea Plantation,unpolluted,2024-02-15,7.53,41.9,1.87,26.0,14.94
Assam_Tea_Plantation_20240215_rep3,Assam Tea Plantation,unpolluted,2024-02-15,7.36,36.2,3.93,27.4,22.17
Assam_Tea_Plantation_20240215_rep4,Assam Tea Plantation,unpolluted,2024-02-15,7.36,42.6,2.83,26.99,37.15
Assam_Tea_Plantation_20240315_rep1,Assam Tea Plantation,unpolluted,2024-03-15,7.86,31.1,3.98,27.8,21.32
Assam_Tea_Plantation_20240315_rep2,Assam Tea Plantation,unpolluted,2024-03-15,7.81,46.6,2.13,31.55,17.38
Assam_Tea_Plantation_20240315_rep3,Assam Tea Plantation,polluted,2024-03-15,6.66,24.9,2.0,33.21,60.05
Assam_Tea_Plantation_20240315_rep4,Assam Tea Plantation,unpolluted,2024-03-15,7.38,35.2,1.9,28.55,18.76
Assam_Tea_Plantation_20240315_rep5,Assam Tea Plantation,unpolluted,2024-03-15,7.3,33.0,3.53,26.32,22.5
Assam_Tea_Plantation_20240415_rep1,Assam Tea Plantation,unpolluted,2024-04-15,6.76,37.0,2.51,25.45,23.92
Assam_Tea_Plantation_20240415_rep2,Assam Tea Plantation,unpolluted,2024-04-15,6.94,43.8,2.57,27.89,24.73
Assam_Tea_Plantation_20240415_rep3,Assam Tea Plantation,polluted,2024-04-15,6.96,21.3,2.14,31.45,44.05
Assam_Tea_Plantation_20240415_rep4,Assam Tea Plantation,unpolluted,2024-04-15,7.16,43.4,2.67,29.79,22.26
Assam_Tea_Plantation_20240415_rep5,Assam Tea Plantation,unpolluted,2024-04-15,7.31,38.2,2.61,31.41,12.33
Assam_Tea_Plantation_20240515_rep1,Assam Tea Plantation,unpolluted,2024-05-15,7.26,48.7,3.16,31.02,12.63
Assam_Tea_Plantation_20240515_rep2,Assam Tea Plantation,unpolluted,2024-05-15,7.04,43.0,3.41,30.92,28.59
Assam_Tea_Plantation_20240515_rep3,Assam Tea Plantation,unpolluted,2024-05-15,7.44,33.4,2.24,32.89,30.81
Bhopal_Soybean_Zone_20240115_rep1,Bhopal Soybean Zone,unpolluted,2024-01-15,7.95,27.6,3.42,29.77,24.96
Bhopal_Soybean_Zone_20240115_rep2,Bhopal Soybean Zone,polluted,2024-01-15,6.2,41.5,2.64,31.54,36.85
Bhopal_Soybean_Zone_20240115_rep3,Bhopal Soybean Zone,polluted,2024-01-15,6.84,29.3,2.08,29.48,44.98
Bhopal_Soybean_Zone_20240115_rep4,Bhopal Soybean Zone,polluted,2024-01-15,5.4,21.4,1.02,26.52,54.9
Bhopal_Soybean_Zone_20240215_rep1,Bhopal Soybean Zone,polluted,2024-02-15,5.33,27.2,1.37,30.98,59.53
Bhopal_Soybean_Zone_20240215_rep2,Bhopal Soybean Zone,unpolluted,2024-02-15,7.22,37.0,4.55,28.01,9.92
Bhopal_Soybean_Zone_20240215_rep3,Bhopal Soybean Zone,polluted,2024-02-15,5.47,34.1,2.58,26.83,31.34
Bhopal_Soybean_Zone_20240315_rep1,Bhopal Soybean Zone,polluted,2024-03-15,5.99,21.6,3.38,28.68,55.8
Bhopal_Soybean_Zone_20240315_rep2,Bhopal Soybean Zone,polluted,2024-03-15,6.05,9.8,2.38,29.68,70.77
Bhopal_Soybean_Zone_20240315_rep3,Bhopal Soybean Zone,polluted,2024-03-15,5.71,27.0,1.75,29.45,84.62
Bhopal_Soybean_Zone_20240315_rep4,Bhopal Soybean Zone,polluted,2024-03-15,4.82,36.5,2.26,31.47,81.17
Bhopal_Soybean_Zone_20240315_rep5,Bhopal Soybean Zone,polluted,2024-03-15,6.31,39.6,2.14,30.59,78.05
Bhopal_Soybean_Zone_20240315_rep6,Bhopal Soybean Zone,unpolluted,2024-03-15,6.27,31.4,3.38,28.27,23.23
Bhopal_Soybean_Zone_20240415_rep1,Bhopal Soybean Zone,polluted,2024-04-15,5.98,35.8,1.37,32.85,59.8
Bhopal_Soybean_Zone_20240415_rep2,Bhopal Soybean Zone,unpolluted,2024-04-15,7.84,39.0,3.18,33.35,20.12
Bhopal_Soybean_Zone_20240415_rep3,Bhopal Soybean Zone,polluted,2024-04-15,5.86,30.5,1.84,32.77,67.15
Bhopal_Soybean_Zone_20240515_rep1,Bhopal Soybean Zone,polluted,2024-05-15,6.04,29.4,2.13,30.08,47.87
Bhopal_Soybean_Zone_20240515_rep2,Bhopal Soybean Zone,unpolluted,2024-05-15,6.81,37.8,2.26,29.52,19.47
Bhopal_Soybean_Zone_20240515_rep3,Bhopal Soybean Zone,polluted,2024-05-15,6.08,35.8,3.13,32.86,45.04
Kerala_Paddy_Wetland_20240115_rep1,Kerala Paddy Wetland,unpolluted,2024-01-15,6.67,35.0,2.09,26.91,26.12
Kerala_Paddy_Wetland_20240115_rep2,Kerala Paddy Wetland,unpolluted,2024-01-15,7.2,42.9,2.08,31.41,24.26
Kerala_Paddy_Wetland_20240115_rep3,Kerala Paddy Wetland,unpolluted,2024-01-15,7.33,42.1,4.64,28.12,18.96
Kerala_Paddy_Wetland_20240115_rep4,Kerala Paddy Wetland,unpolluted,2024-01-15,7.03,40.2,3.89,27.95,19.91
Kerala_Paddy_Wetland_20240215_rep1,Kerala Paddy Wetland,unpolluted,2024-02-15,6.98,34.6,2.43,27.94,32.56
Kerala_Paddy_Wetland_20240215_rep2,Kerala Paddy Wetland,unpolluted,2024-02-15,7.16,44.9,2.61,25.28,21.88
Kerala_Paddy_Wetland_20240215_rep3,Kerala Paddy Wetland,unpolluted,2024-02-15,7.18,45.9,1.49,28.75,14.23
Kerala_Paddy_Wetland_20240215_rep4,Kerala Paddy Wetland,unpolluted,2024-02-15,6.45,27.9,2.38,30.54,28.23
Kerala_Paddy_Wetland_20240215_rep5,Kerala Paddy Wetland,unpolluted,2024-02-15,8.33,40.2,3.95,28.65,19.52
Kerala_Paddy_Wetland_20240215_rep6,Kerala Paddy Wetland,unpolluted,2024-02-15,7.38,32.5,2.68,29.55,9.21
Kerala_Paddy_Wetland_20240315_rep1,Kerala Paddy Wetland,polluted,2024-03-15,5.54,32.9,2.99,31.19,50.67
Kerala_Paddy_Wetland_20240315_rep2,Kerala Paddy Wetland,unpolluted,2024-03-15,7.23,38.5,2.47,31.03,19.93
Kerala_Paddy_Wetland_20240315_rep3,Kerala Paddy Wetland,unpolluted,2024-03-15,7.95,41.1,2.66,28.44,18.6
Kerala_Paddy_Wetland_20240315_rep4,Kerala Paddy Wetland,unpolluted,2024-03-15,7.32,38.5,3.57,28.55,21.51
Kerala_Paddy_Wetland_20240315_rep5,Kerala Paddy Wetland,unpolluted,2024-03-15,7.35,36.5,3.24,28.39,19.33
Kerala_Paddy_Wetland_20240315_rep6,Kerala Paddy Wetland,unpolluted,2024-03-15,7.95,40.7,1.91,29.36,14.78
Kerala_Paddy_Wetland_20240415_rep1,Kerala Paddy Wetland,unpolluted,2024-04-15,7.15,30.8,2.81,27.27,24.76
Kerala_Paddy_Wetland_20240415_rep2,Kerala Paddy Wetland,unpolluted,2024-04-15,6.95,37.1,1.61,30.62,20.91
Kerala_Paddy_Wetland_20240415_rep3,Kerala Paddy Wetland,unpolluted,2024-04-15,7.68,37.5,4.86,28.61,21.03
Kerala_Paddy_Wetland_20240515_rep1,Kerala Paddy Wetland,polluted,2024-05-15,6.16,32.7,1.57,33.24,49.61
Kerala_Paddy_Wetland_20240515_rep2,Kerala Paddy Wetland,unpolluted,2024-05-15,7.65,28.0,1.59,29.97,20.69
Kerala_Paddy_Wetland_20240515_rep3,Kerala Paddy Wetland,unpolluted,2024-05-15,6.65,39.6,4.11,28.19,21.51
Kerala_Paddy_Wetland_20240515_rep4,Kerala Paddy Wetland,unpolluted,2024-05-15,6.84,33.3,2.27,28.98,27.11
Punjab_Wheat_Belt_20240115_rep1,Punjab Wheat Belt,unpolluted,2024-01-15,7.14,31.5,3.06,30.03,25.3
Punjab_Wheat_Belt_20240115_rep2,Punjab Wheat Belt,unpolluted,2024-01-15,7.54,47.8,3.35,32.16,29.17
Punjab_Wheat_Belt_20240115_rep3,Punjab Wheat Belt,unpolluted,2024-01-15,6.75,34.2,3.04,27.07,21.46
Punjab_Wheat_Belt_20240215_rep1,Punjab Wheat Belt,unpolluted,2024-02-15,7.53,34.2,3.95,31.38,22.07
Punjab_Wheat_Belt_20240215_rep2,Punjab Wheat Belt,unpolluted,2024-02-15,6.86,45.1,3.17,30.43,15.88
Punjab_Wheat_Belt_20240215_rep3,Punjab Wheat Belt,unpolluted,2024-02-15,7.68,32.9,3.17,30.13,10.65
Punjab_Wheat_Belt_20240315_rep1,Punjab Wheat Belt,unpolluted,2024-03-15,7.27,35.5,2.47,30.07,17.97
Punjab_Wheat_Belt_20240315_rep2,Punjab Wheat Belt,unpolluted,2024-03-15,7.45,31.4,1.48,27.46,27.27
Punjab_Wheat_Belt_20240315_rep3,Punjab Wheat Belt,unpolluted,2024-03-15,7.34,42.0,2.66,30.75,18.03
Punjab_Wheat_Belt_20240315_rep4,Punjab Wheat Belt,unpolluted,2024-03-15,7.38,36.7,2.25,30.94,24.55
Punjab_Wheat_Belt_20240415_rep1,Punjab Wheat Belt,polluted,2024-04-15,6.17,37.2,1.1,30.61,57.62
Punjab_Wheat_Belt_20240415_rep2,Punjab Wheat Belt,unpolluted,2024-04-15,7.71,37.5,3.61,29.33,14.76
Punjab_Wheat_Belt_20240415_rep3,Punjab Wheat Belt,unpolluted,2024-04-15,7.0,29.3,2.17,29.57,28.01
Punjab_Wheat_Belt_20240515_rep1,Punjab Wheat Belt,unpolluted,2024-05-15,7.44,34.6,3.34,30.42,26.25
Punjab_Wheat_Belt_20240515_rep2,Punjab Wheat Belt,unpolluted,2024-05-15,7.28,40.7,2.67,29.2,12.3
Punjab_Wheat_Belt_20240515_rep3,Punjab Wheat Belt,unpolluted,2024-05-15,7.07,41.0,2.49,28.24,20.83
Varanasi_Rice_Farm_20240115_rep1,Varanasi Rice Farm,unpolluted,2024-01-15,7.4,30.2,1.65,30.33,14.03
Varanasi_Rice_Farm_20240115_rep2,Varanasi Rice Farm,polluted,2024-01-15,5.78,34.3,2.28,31.82,44.81
Varanasi_Rice_Farm_20240115_rep3,Varanasi Rice Farm,unpolluted,2024-01-15,6.89,45.8,1.91,30.44,26.66
Varanasi_Rice_Farm_20240115_rep4,Varanasi Rice Farm,polluted,2024-01-15,6.61,25.7,0.84,30.19,39.92
Varanasi_Rice_Farm_20240115_rep5,Varanasi Rice Farm,unpolluted,2024-01-15,7.21,38.3,3.76,28.04,15.79
Varanasi_Rice_Farm_20240115_rep6,Varanasi Rice Farm,polluted,2024-01-15,5.5,40.4,2.71,35.11,49.16
Varanasi_Rice_Farm_20240215_rep1,Varanasi Rice Farm,unpolluted,2024-02-15,7.13,46.6,1.86,31.47,14.96
Varanasi_Rice_Farm_20240215_rep2,Varanasi Rice Farm,unpolluted,2024-02-15,6.94,36.2,4.1,31.14,17.14
Varanasi_Rice_Farm_20240215_rep3,Varanasi Rice Farm,unpolluted,2024-02-15,7.6,45.8,3.98,29.65,35.32
Varanasi_Rice_Farm_20240215_rep4,Varanasi Rice Farm,unpolluted,2024-02-15,7.81,41.8,4.57,29.98,12.87
Varanasi_Rice_Farm_20240215_rep5,Varanasi Rice Farm,polluted,2024-02-15,5.87,33.3,2.57,30.87,54.79
Varanasi_Rice_Farm_20240215_rep6,Varanasi Rice Farm,unpolluted,2024-02-15,6.95,34.9,2.68,25.26,26.08
Varanasi_Rice_Farm_20240315_rep1,Varanasi Rice Farm,unpolluted,2024-03-15,7.17,35.1,3.78,28.06,18.88
Varanasi_Rice_Farm_20240315_rep2,Varanasi Rice Farm,polluted,2024-03-15,6.35,31.3,2.15,29.67,48.06
Varanasi_Rice_Farm_20240315_rep3,Varanasi Rice Farm,polluted,2024-03-15,6.26,30.0,2.18,29.93,64.35
Varanasi_Rice_Farm_20240415_rep1,Varanasi Rice Farm,polluted,2024-04-15,6.18,48.1,2.81,28.94,52.45
Varanasi_Rice_Farm_20240415_rep2,Varanasi Rice Farm,polluted,2024-04-15,6.51,34.2,1.58,33.29,62.13
Varanasi_Rice_Farm_20240415_rep3,Varanasi Rice Farm,polluted,2024-04-15,5.92,26.3,1.91,30.59,60.7
Varanasi_Rice_Farm_20240415_rep4,Varanasi Rice Farm,polluted,2024-04-15,6.38,30.8,2.85,31.78,67.06
Varanasi_Rice_Farm_20240515_rep1,Varanasi Rice Farm,polluted,2024-05-15,5.44,50.1,2.35,32.8,56.01
Varanasi_Rice_Farm_20240515_rep2,Varanasi Rice Farm,polluted,2024-05-15,5.96,21.6,1.72,29.34,34.03
Varanasi_Rice_Farm_20240515_rep3,Varanasi Rice Farm,polluted,2024-05-15,6.28,25.8,3.42,33.69,64.04
Varanasi_Rice_Farm_20240515_rep4,Varanasi Rice Farm,polluted,2024-05-15,5.71,28.6,1.4,30.51,52.37
Varanasi_Rice_Farm_20240515_rep5,Varanasi Rice Farm,polluted,2024-05-15,6.27,19.5,2.11,28.07,51.54
Coimbatore_Sugarcane_Field_20240115_rep1,Coimbatore Sugarcane Field,unpolluted,2024-01-15,7.04,35.2,2.62,30.03,21.11
Coimbatore_Sugarcane_Field_20240115_rep2,Coimbatore Sugarcane Field,unpolluted,2024-01-15,6.98,33.9,3.64,30.89,17.01
Coimbatore_Sugarcane_Field_20240115_rep3,Coimbatore Sugarcane Field,unpolluted,2024-01-15,7.62,40.0,3.77,29.42,12.15
Coimbatore_Sugarcane_Field_20240215_rep1,Coimbatore Sugarcane Field,unpolluted,2024-02-15,6.98,31.8,2.95,29.54,23.39
Coimbatore_Sugarcane_Field_20240215_rep2,Coimbatore Sugarcane Field,polluted,2024-02-15,5.67,34.8,2.75,31.61,56.93
Coimbatore_Sugarcane_Field_20240215_rep3,Coimbatore Sugarcane Field,polluted,2024-02-15,6.14,26.4,1.84,28.95,28.33
Coimbatore_Sugarcane_Field_20240315_rep1,Coimbatore Sugarcane Field,unpolluted,2024-03-15,7.16,38.3,3.37,32.64,16.16
Coimbatore_Sugarcane_Field_20240315_rep2,Coimbatore Sugarcane Field,unpolluted,2024-03-15,7.55,31.0,3.61,26.96,14.27
Coimbatore_Sugarcane_Field_20240315_rep3,Coimbatore Sugarcane Field,unpolluted,2024-03-15,7.75,36.8,3.13,27.9,24.87
Coimbatore_Sugarcane_Field_20240415_rep1,Coimbatore Sugarcane Field,unpolluted,2024-04-15,7.46,36.1,3.81,25.97,20.95
Coimbatore_Sugarcane_Field_20240415_rep2,Coimbatore Sugarcane Field,unpolluted,2024-04-15,7.17,32.0,1.61,29.46,24.2
Coimbatore_Sugarcane_Field_20240415_rep3,Coimbatore Sugarcane Field,unpolluted,2024-04-15,7.09,40.3,2.36,28.29,33.88
Coimbatore_Sugarcane_Field_20240415_rep4,Coimbatore Sugarcane Field,unpolluted,2024-04-15,7.21,31.8,2.11,28.24,24.93
Coimbatore_Sugarcane_Field_20240515_rep1,Coimbatore Sugarcane Field,unpolluted,2024-05-15,6.95,47.6,3.41,27.66,37.4
Coimbatore_Sugarcane_Field_20240515_rep2,Coimbatore Sugarcane Field,unpolluted,2024-05-15,7.21,42.3,3.29,30.03,24.26
Coimbatore_Sugarcane_Field_20240515_rep3,Coimbatore Sugarcane Field,unpolluted,2024-05-15,7.2,28.1,2.79,30.75,28.32
Coimbatore_Sugarcane_Field_20240515_rep4,Coimbatore Sugarcane Field,unpolluted,2024-05-15,7.11,45.3,3.04,28.99,22.33
Nagpur_Cotton_Field_20240115_rep1,Nagpur Cotton Field,polluted,2024-01-15,6.27,29.3,0.33,31.76,64.74
Nagpur_Cotton_Field_20240115_rep2,Nagpur Cotton Field,polluted,2024-01-15,6.68,43.5,1.61,28.72,72.49
Nagpur_Cotton_Field_20240115_rep3,Nagpur Cotton Field,polluted,2024-01-15,6.93,29.7,3.35,33.19,53.84
Nagpur_Cotton_Field_20240215_rep1,Nagpur Cotton Field,polluted,2024-02-15,5.79,36.5,1.59,33.77,56.9
Nagpur_Cotton_Field_20240215_rep2,Nagpur Cotton Field,unpolluted,2024-02-15,7.12,36.6,1.65,31.83,11.71
Nagpur_Cotton_Field_20240215_rep3,Nagpur Cotton Field,polluted,2024-02-15,6.3,33.1,3.6,33.83,63.88
Nagpur_Cotton_Field_20240215_rep4,Nagpur Cotton Field,polluted,2024-02-15,6.41,16.9,2.81,28.7,33.78
Nagpur_Cotton_Field_20240315_rep1,Nagpur Cotton Field,polluted,2024-03-15,6.32,36.4,2.29,29.24,48.91
Nagpur_Cotton_Field_20240315_rep2,Nagpur Cotton Field,polluted,2024-03-15,5.78,24.6,2.17,31.76,50.79
Nagpur_Cotton_Field_20240315_rep3,Nagpur Cotton Field,polluted,2024-03-15,5.88,37.6,3.07,31.96,36.37
Nagpur_Cotton_Field_20240315_rep4,Nagpur Cotton Field,polluted,2024-03-15,5.41,38.8,2.05,28.54,68.36
Nagpur_Cotton_Field_20240315_rep5,Nagpur Cotton Field,polluted,2024-03-15,5.68,32.4,2.63,30.98,35.62
Nagpur_Cotton_Field_20240415_rep1,Nagpur Cotton Field,polluted,2024-04-15,5.62,17.9,1.5,30.62,38.16
Nagpur_Cotton_Field_20240415_rep2,Nagpur Cotton Field,polluted,2024-04-15,5.98,20.9,1.76,31.8,49.0
Nagpur_Cotton_Field_20240415_rep3,Nagpur Cotton Field,polluted,2024-04-15,6.66,40.7,2.59,35.05,51.78
Nagpur_Cotton_Field_20240515_rep1,Nagpur Cotton Field,polluted,2024-05-15,5.96,23.0,1.33,30.24,71.63
Nagpur_Cotton_Field_20240515_rep2,Nagpur Cotton Field,polluted,2024-05-15,6.73,37.7,1.37,30.05,79.24
Nagpur_Cotton_Field_20240515_rep3,Nagpur Cotton Field,polluted,2024-05-15,5.28,27.7,2.25,30.55,57.26
Nagpur_Cotton_Field_20240515_rep4,Nagpur Cotton Field,polluted,2024-05-15,5.88,34.9,1.26,28.2,46.7
Nagpur_Cotton_Field_20240515_rep5,Nagpur Cotton Field,polluted,2024-05-15,6.07,32.8,2.05,33.85,40.78
Nagpur_Cotton_Field_20240515_rep6,Nagpur Cotton Field,unpolluted,2024-05-15,6.45,38.5,2.9,29.35,32.65
Jaipur_Mustard_Farm_20240115_rep1,Jaipur Mustard Farm,unpolluted,2024-01-15,7.71,31.4,2.78,28.86,17.59
Jaipur_Mustard_Farm_20240115_rep2,Jaipur Mustard Farm,polluted,2024-01-15,6.59,39.8,2.89,30.99,51.64
Jaipur_Mustard_Farm_20240115_rep3,Jaipur Mustard Farm,polluted,2024-01-15,6.17,27.0,2.08,30.19,67.8
Jaipur_Mustard_Farm_20240115_rep4,Jaipur Mustard Farm,polluted,2024-01-15,6.11,33.1,1.18,33.4,61.84
Jaipur_Mustard_Farm_20240115_rep5,Jaipur Mustard Farm,unpolluted,2024-01-15,7.4,25.1,2.04,30.36,4.44
Jaipur_Mustard_Farm_20240115_rep6,Jaipur Mustard Farm,unpolluted,2024-01-15,7.12,38.8,2.91,31.46,21.97
Jaipur_Mustard_Farm_20240215_rep1,Jaipur Mustard Farm,unpolluted,2024-02-15,7.1,44.1,3.0,30.79,22.23
Jaipur_Mustard_Farm_20240215_rep2,Jaipur Mustard Farm,unpolluted,2024-02-15,7.68,32.4,2.07,29.97,26.82
Jaipur_Mustard_Farm_20240215_rep3,Jaipur Mustard Farm,unpolluted,2024-02-15,7.37,39.5,2.14,24.5,29.19
Jaipur_Mustard_Farm_20240215_rep4,Jaipur Mustard Farm,unpolluted,2024-02-15,7.36,38.1,2.81,29.61,21.49
Jaipur_Mustard_Farm_20240315_rep1,Jaipur Mustard Farm,polluted,2024-03-15,6.31,26.5,2.29,33.09,45.21
Jaipur_Mustard_Farm_20240315_rep2,Jaipur Mustard Farm,unpolluted,2024-03-15,7.36,36.2,1.24,30.05,26.18
Jaipur_Mustard_Farm_20240315_rep3,Jaipur Mustard Farm,unpolluted,2024-03-15,6.94,44.6,2.48,29.22,7.19
Jaipur_Mustard_Farm_20240315_rep4,Jaipur Mustard Farm,unpolluted,2024-03-15,7.48,39.2,1.14,25.99,20.74
Jaipur_Mustard_Farm_20240415_rep1,Jaipur Mustard Farm,polluted,2024-04-15,5.99,34.9,2.02,30.95,77.41
Jaipur_Mustard_Farm_20240415_rep2,Jaipur Mustard Farm,unpolluted,2024-04-15,7.02,39.3,3.47,25.69,20.0
Jaipur_Mustard_Farm_20240415_rep3,Jaipur Mustard Farm,unpolluted,2024-04-15,7.27,30.6,2.42,27.94,20.95
Jaipur_Mustard_Farm_20240415_rep4,Jaipur Mustard Farm,unpolluted,2024-04-15,7.35,26.6,3.14,27.77,21.98
Jaipur_Mustard_Farm_20240515_rep1,Jaipur Mustard Farm,unpolluted,2024-05-15,7.54,32.2,2.15,29.05,11.49
Jaipur_Mustard_Farm_20240515_rep2,Jaipur Mustard Farm,unpolluted,2024-05-15,7.13,33.4,3.37,28.94,19.13
Jaipur_Mustard_Farm_20240515_rep3,Jaipur Mustard Farm,unpolluted,2024-05-15,7.55,40.2,2.58,29.06,32.41
Assam_Tea_Plantation_20240115_rep1,Assam Tea Plantation,unpolluted,2024-01-15,7.8,28.4,4.72,29.38,20.86
Assam_Tea_Plantation_20240115_rep2,Assam Tea Plantation,unpolluted,2024-01-15,7.52,29.4,2.75,31.27,16.96
Assam_Tea_Plantation_20240115_rep3,Assam Tea Plantation,polluted,2024-01-15,6.33,36.9,2.63,29.53,61.32
Assam_Tea_Plantation_20240215_rep1,Assam Tea Plantation,unpolluted,2024-02-15,7.55,37.3,2.82,30.11,32.17
Assam_Tea_Plantation_20240215_rep2,Assam Tea Plantation,unpolluted,2024-02-15,7.61,31.2,2.16,31.1,10.35
Assam_Tea_Plantation_20240215_rep3,Assam Tea Plantation,unpolluted,2024-02-15,7.55,47.8,1.3,29.27,13.68
Assam_Tea_Plantation_20240215_rep4,Assam Tea Plantation,unpolluted,2024-02-15,6.82,32.7,2.27,28.93,13.48
Assam_Tea_Plantation_20240215_rep5,Assam Tea Plantation,unpolluted,2024-02-15,6.54,41.2,3.82,29.06,27.19
Assam_Tea_Plantation_20240215_rep6,Assam Tea Plantation,unpolluted,2024-02-15,6.55,39.4,1.94,29.58,19.62
Assam_Tea_Plantation_20240315_rep1,Assam Tea Plantation,unpolluted,2024-03-15,6.67,38.6,2.37,29.15,22.97
Assam_Tea_Plantation_20240315_rep2,Assam Tea Plantation,unpolluted,2024-03-15,6.99,36.2,2.87,30.54,20.47
Assam_Tea_Plantation_20240315_rep3,Assam Tea Plantation,unpolluted,2024-03-15,7.22,47.9,4.42,29.75,28.96
Assam_Tea_Plantation_20240315_rep4,Assam Tea Plantation,unpolluted,2024-03-15,6.57,32.5,4.33,30.17,15.62
Assam_Tea_Plantation_20240315_rep5,Assam Tea Plantation,unpolluted,2024-03-15,7.32,40.4,2.98,27.03,14.34
Assam_Tea_Plantation_20240315_rep6,Assam Tea Plantation,polluted,2024-03-15,5.57,30.8,2.33,28.2,65.9
Assam_Tea_Plantation_20240415_rep1,Assam Tea Plantation,unpolluted,2024-04-15,7.32,23.9,0.48,29.49,16.98
Assam_Tea_Plantation_20240415_rep2,Assam Tea Plantation,unpolluted,2024-04-15,7.62,42.4,2.36,26.4,18.91
Assam_Tea_Plantation_20240415_rep3,Assam Tea Plantation,unpolluted,2024-04-15,7.34,26.7,3.66,26.1,14.58
Assam_Tea_Plantation_20240415_rep4,Assam Tea Plantation,unpolluted,2024-04-15,7.08,40.8,3.17,29.69,38.52
Assam_Tea_Plantation_20240415_rep5,Assam Tea Plantation,unpolluted,2024-04-15,6.83,34.8,3.63,31.88,12.47
Assam_Tea_Plantation_20240515_rep1,Assam Tea Plantation,unpolluted,2024-05-15,7.16,30.4,3.3,28.14,7.67
Assam_Tea_Plantation_20240515_rep2,Assam Tea Plantation,unpolluted,2024-05-15,6.52,34.4,3.1,27.19,24.23
Assam_Tea_Plantation_20240515_rep3,Assam Tea Plantation,unpolluted,2024-05-15,7.38,53.1,2.18,28.82,17.31
Assam_Tea_Plantation_20240515_rep4,Assam Tea Plantation,unpolluted,2024-05-15,7.62,37.2,3.3,28.46,25.47
Bhopal_Soybean_Zone_20240115_rep1,Bhopal Soybean Zone,polluted,2024-01-15,6.06,33.9,1.84,31.68,58.49
Bhopal_Soybean_Zone_20240115_rep2,Bhopal Soybean Zone,polluted,2024-01-15,5.84,25.7,1.2,33.17,66.77
Bhopal_Soybean_Zone_20240115_rep3,Bhopal Soybean Zone,polluted,2024-01-15,6.72,27.0,1.95,31.75,65.28
Bhopal_Soybean_Zone_20240115_rep4,Bhopal Soybean Zone,polluted,2024-01-15,5.67,46.7,2.06,32.91,72.75
Bhopal_Soybean_Zone_20240215_rep1,Bhopal Soybean Zone,unpolluted,2024-02-15,7.27,41.3,4.5,28.91,12.76
Bhopal_Soybean_Zone_20240215_rep2,Bhopal Soybean Zone,polluted,2024-02-15,6.9,29.6,1.69,31.74,61.59
Bhopal_Soybean_Zone_20240215_rep3,Bhopal Soybean Zone,unpolluted,2024-02-15,7.84,41.1,2.5,27.82,30.03
Bhopal_Soybean_Zone_20240315_rep1,Bhopal Soybean Zone,polluted,2024-03-15,6.28,36.2,2.28,31.93,57.99
Bhopal_Soybean_Zone_20240315_rep2,Bhopal Soybean Zone,polluted,2024-03-15,6.65,31.5,1.26,30.32,55.22
Bhopal_Soybean_Zone_20240315_rep3,Bhopal Soybean Zone,polluted,2024-03-15,6.05,24.0,1.96,28.56,72.97
Bhopal_Soybean_Zone_20240315_rep4,Bhopal Soybean Zone,polluted,2024-03-15,5.49,30.8,1.42,28.99,68.74
Bhopal_Soybean_Zone_20240415_rep1,Bhopal Soybean Zone,unpolluted,2024-04-15,7.05,33.8,3.13,28.98,20.61
Bhopal_Soybean_Zone_20240415_rep2,Bhopal Soybean Zone,unpolluted,2024-04-15,7.54,43.0,4.89,28.81,12.98
Bhopal_Soybean_Zone_20240415_rep3,Bhopal Soybean Zone,polluted,2024-04-15,6.3,39.2,1.32,28.87,56.13
Bhopal_Soybean_Zone_20240415_rep4,Bhopal Soybean Zone,polluted,2024-04-15,7.01,26.4,2.73,33.78,64.37
Bhopal_Soybean_Zone_20240415_rep5,Bhopal Soybean Zone,polluted,2024-04-15,6.09,36.7,2.88,28.78,48.49
Bhopal_Soybean_Zone_20240515_rep1,Bhopal Soybean Zone,unpolluted,2024-05-15,6.9,36.7,2.21,28.54,10.36
Bhopal_Soybean_Zone_20240515_rep2,Bhopal Soybean Zone,polluted,2024-05-15,6.37,31.6,2.42,30.07,64.81
Bhopal_Soybean_Zone_20240515_rep3,Bhopal Soybean Zone,unpolluted,2024-05-15,7.05,42.8,3.14,31.13,15.36
Bhopal_Soybean_Zone_20240515_rep4,Bhopal Soybean Zone,polluted,2024-05-15,6.89,21.3,2.27,31.74,40.83
Kerala_Paddy_Wetland_20240115_rep1,Kerala Paddy Wetland,unpolluted,2024-01-15,6.87,42.0,3.15,33.18,43.53
Kerala_Paddy_Wetland_20240115_rep2,Kerala Paddy Wetland,unpolluted,2024-01-15,6.93,43.9,4.07,28.57,22.96
Kerala_Paddy_Wetland_20240115_rep3,Kerala Paddy Wetland,unpolluted,2024-01-15,7.02,39.6,3.7,29.49,28.13
Kerala_Paddy_Wetland_20240115_rep4,Kerala Paddy Wetland,unpolluted,2024-01-15,7.16,45.5,2.6,30.54,5.39
Kerala_Paddy_Wetland_20240115_rep5,Kerala Paddy Wetland,unpolluted,2024-01-15,6.86,38.0,3.36,27.75,13.15
Kerala_Paddy_Wetland_20240115_rep6,Kerala Paddy Wetland,unpolluted,2024-01-15,7.01,44.8,4.79,29.09,21.58
Kerala_Paddy_Wetland_20240215_rep1,Kerala Paddy Wetland,unpolluted,2024-02-15,7.38,43.6,4.61,29.99,24.52
Kerala_Paddy_Wetland_20240215_rep2,Kerala Paddy Wetland,unpolluted,2024-02-15,7.04,39.8,2.9,32.57,17.04
Kerala_Paddy_Wetland_20240215_rep3,Kerala Paddy Wetland,unpolluted,2024-02-15,7.19,39.9,3.05,29.18,4.9
Kerala_Paddy_Wetland_20240215_rep4,Kerala Paddy Wetland,unpolluted,2024-02-15,7.25,41.1,2.43,31.3,18.36
Kerala_Paddy_Wetland_20240215_rep5,Kerala Paddy Wetland,unpolluted,2024-02-15,7.26,35.6,1.97,27.5,20.11
Kerala_Paddy_Wetland_20240315_rep1,Kerala Paddy Wetland,unpolluted,2024-03-15,7.11,36.6,2.88,27.99,14.52
Kerala_Paddy_Wetland_20240315_rep2,Kerala Paddy Wetland,unpolluted,2024-03-15,7.02,46.4,1.36,28.13,26.37
Kerala_Paddy_Wetland_20240315_rep3,Kerala Paddy Wetland,unpolluted,2024-03-15,7.49,38.1,2.06,32.4,33.71
Kerala_Paddy_Wetland_20240315_rep4,Kerala Paddy Wetland,unpolluted,2024-03-15,6.48,41.9,2.55,30.84,15.14
Kerala_Paddy_Wetland_20240315_rep5,Kerala Paddy Wetland,unpolluted,2024-03-15,6.96,35.3,3.47,29.87,26.33
Kerala_Paddy_Wetland_20240415_rep1,Kerala Paddy Wetland,unpolluted,2024-04-15,7.51,43.8,3.75,30.93,20.75
Kerala_Paddy_Wetland_20240415_rep2,Kerala Paddy Wetland,unpolluted,2024-04-15,6.78,39.1,3.58,26.36,15.8
Kerala_Paddy_Wetland_20240415_rep3,Kerala Paddy Wetland,polluted,2024-04-15,6.15,36.2,1.44,32.64,51.94
Kerala_Paddy_Wetland_20240415_rep4,Kerala Paddy Wetland,unpolluted,2024-04-15,8.02,31.2,2.74,29.56,16.12
Kerala_Paddy_Wetland_20240415_rep5,Kerala Paddy Wetland,unpolluted,2024-04-15,7.49,49.7,3.23,27.24,23.38
Kerala_Paddy_Wetland_20240415_rep6,Kerala Paddy Wetland,unpolluted,2024-04-15,7.39,40.8,2.82,25.54,34.86
Kerala_Paddy_Wetland_20240515_rep1,Kerala Paddy Wetland,unpolluted,2024-05-15,7.18,28.3,4.46,26.86,22.83
Kerala_Paddy_Wetland_20240515_rep2,Kerala Paddy Wetland,unpolluted,2024-05-15,7.43,35.3,2.21,29.67,23.7
Kerala_Paddy_Wetland_20240515_rep3,Kerala Paddy Wetland,unpolluted,2024-05-15,7.65,41.5,3.05,30.25,6.86
Kerala_Paddy_Wetland_20240515_rep4,Kerala Paddy Wetland,unpolluted,2024-05-15,7.48,28.4,4.4,28.97,16.73
Punjab_Wheat_Belt_20240115_rep1,Punjab Wheat Belt,unpolluted,2024-01-15,7.66,41.5,1.42,26.94,20.2
Punjab_Wheat_Belt_20240115_rep2,Punjab Wheat Belt,unpolluted,2024-01-15,7.21,40.2,1.46,27.8,21.22
Punjab_Wheat_Belt_20240115_rep3,Punjab Wheat Belt,unpolluted,2024-01-15,7.07,40.4,2.71,29.1,25.15
Punjab_Wheat_Belt_20240115_rep4,Punjab Wheat Belt,unpolluted,2024-01-15,6.78,40.5,4.66,28.77,12.06
Punjab_Wheat_Belt_20240115_rep5,Punjab Wheat Belt,unpolluted,2024-01-15,7.36,26.3,3.04,35.04,21.75
Punjab_Wheat_Belt_20240115_rep6,Punjab Wheat Belt,unpolluted,2024-01-15,7.37,39.3,1.56,29.77,25.24
Punjab_Wheat_Belt_20240215_rep1,Punjab Wheat Belt,polluted,2024-02-15,6.08,39.5,2.84,31.25,33.64
Punjab_Wheat_Belt_20240215_rep2,Punjab Wheat Belt,unpolluted,2024-02-15,7.18,37.8,3.52,29.64,18.72
Punjab_Wheat_Belt_20240215_rep3,Punjab Wheat Belt,unpolluted,2024-02-15,6.67,32.4,3.06,32.7,13.22
Punjab_Wheat_Belt_20240315_rep1,Punjab Wheat Belt,polluted,2024-03-15,6.3,33.5,2.67,28.82,46.71
Punjab_Wheat_Belt_20240315_rep2,Punjab Wheat Belt,unpolluted,2024-03-15,7.08,39.7,1.63,29.83,33.14
Punjab_Wheat_Belt_20240315_rep3,Punjab Wheat Belt,unpolluted,2024-03-15,7.1,29.8,2.75,30.31,14.98
Punjab_Wheat_Belt_20240415_rep1,Punjab Wheat Belt,polluted,2024-04-15,6.19,38.9,2.43,28.59,80.71
Punjab_Wheat_Belt_20240415_rep2,Punjab Wheat Belt,unpolluted,2024-04-15,6.6,43.3,3.24,29.05,15.92
Punjab_Wheat_Belt_20240415_rep3,Punjab Wheat Belt,unpolluted,2024-04-15,7.37,35.2,3.72,25.35,24.02
Punjab_Wheat_Belt_20240415_rep4,Punjab Wheat Belt,polluted,2024-04-15,6.79,29.1,1.78,35.31,66.29
Punjab_Wheat_Belt_20240415_rep5,Punjab Wheat Belt,unpolluted,2024-04-15,7.61,44.6,2.75,28.94,17.95
Punjab_Wheat_Belt_20240415_rep6,Punjab Wheat Belt,unpolluted,2024-04-15,7.27,38.8,4.03,29.17,17.82
Punjab_Wheat_Belt_20240515_rep1,Punjab Wheat Belt,unpolluted,2024-05-15,7.13,27.9,2.94,27.6,20.94
Punjab_Wheat_Belt_20240515_rep2,Punjab Wheat Belt,unpolluted,2024-05-15,7.5,39.7,2.43,32.05,18.0
Punjab_Wheat_Belt_20240515_rep3,Punjab Wheat Belt,unpolluted,2024-05-15,7.32,42.8,1.02,26.08,16.9
Varanasi_Rice_Farm_20240115_rep1,Varanasi Rice Farm,unpolluted,2024-01-15,7.33,49.5,2.31,26.48,12.12
Varanasi_Rice_Farm_20240115_rep2,Varanasi Rice Farm,unpolluted,2024-01-15,6.61,30.5,2.96,29.28,25.94
Varanasi_Rice_Farm_20240115_rep3,Varanasi Rice Farm,polluted,2024-01-15,6.14,23.4,1.68,31.59,62.94
Varanasi_Rice_Farm_20240115_rep4,Varanasi Rice Farm,polluted,2024-01-15,5.1,36.2,1.05,30.71,64.46
Varanasi_Rice_Farm_20240215_rep1,Varanasi Rice Farm,polluted,2024-02-15,6.3,27.1,2.14,29.8,40.7
Varanasi_Rice_Farm_20240215_rep2,Varanasi Rice Farm,unpolluted,2024-02-15,6.93,48.6,2.24,27.84,16.06
Varanasi_Rice_Farm_20240215_rep3,Varanasi Rice Farm,unpolluted,2024-02-15,7.43,43.3,2.66,29.32,20.44
Varanasi_Rice_Farm_20240315_rep1,Varanasi Rice Farm,polluted,2024-03-15,5.71,36.4,1.1,30.28,56.87
Varanasi_Rice_Farm_20240315_rep2,Varanasi Rice Farm,polluted,2024-03-15,5.94,31.9,1.88,29.83,50.41
Varanasi_Rice_Farm_20240315_rep3,Varanasi Rice Farm,unpolluted,2024-03-15,7.0,38.2,2.0,29.7,13.57
Varanasi_Rice_Farm_20240415_rep1,Varanasi Rice Farm,polluted,2024-04-15,5.27,42.1,1.67,30.69,59.74
Varanasi_Rice_Farm_20240415_rep2,Varanasi Rice Farm,polluted,2024-04-15,6.21,44.3,2.66,28.83,57.9
Varanasi_Rice_Farm_20240415_rep3,Varanasi Rice Farm,unpolluted,2024-04-15,7.39,38.3,2.12,28.88,19.03
Varanasi_Rice_Farm_20240415_rep4,Varanasi Rice Farm,unpolluted,2024-04-15,7.84,36.0,3.03,30.22,13.75
Varanasi_Rice_Farm_20240415_rep5,Varanasi Rice Farm,unpolluted,2024-04-15,7.27,37.5,1.99,26.81,21.58
Varanasi_Rice_Farm_20240515_rep1,Varanasi Rice Farm,unpolluted,2024-05-15,7.93,43.3,2.77,29.69,25.48
Varanasi_Rice_Farm_20240515_rep2,Varanasi Rice Farm,polluted,2024-05-15,6.72,38.4,1.64,30.45,64.2
Varanasi_Rice_Farm_20240515_rep3,Varanasi Rice Farm,unpolluted,2024-05-15,7.28,38.1,1.93,31.31,28.66
Varanasi_Rice_Farm_20240515_rep4,Varanasi Rice Farm,polluted,2024-05-15,6.04,43.6,1.8,34.76,69.24
Coimbatore_Sugarcane_Field_20240115_rep1,Coimbatore Sugarcane Field,unpolluted,2024-01-15,7.34,25.2,2.73,32.01,14.22
Coimbatore_Sugarcane_Field_20240115_rep2,Coimbatore Sugarcane Field,unpolluted,2024-01-15,6.52,35.1,4.85,28.8,17.68
Coimbatore_Sugarcane_Field_20240115_rep3,Coimbatore Sugarcane Field,unpolluted,2024-01-15,7.25,36.1,2.52,23.06,17.15
Coimbatore_Sugarcane_Field_20240115_rep4,Coimbatore Sugarcane Field,unpolluted,2024-01-15,6.82,45.2,3.35,29.44,14.4
Coimbatore_Sugarcane_Field_20240115_rep5,Coimbatore Sugarcane Field,unpolluted,2024-01-15,6.82,43.0,3.8,28.28,25.32
Coimbatore_Sugarcane_Field_20240215_rep1,Coimbatore Sugarcane Field,unpolluted,2024-02-15,7.41,32.4,3.3,28.82,18.36
Coimbatore_Sugarcane_Field_20240215_rep2,Coimbatore Sugarcane Field,polluted,2024-02-15,5.35,27.7,0.86,26.12,57.37
Coimbatore_Sugarcane_Field_20240215_rep3,Coimbatore Sugarcane Field,unpolluted,2024-02-15,6.92,38.2,3.54,30.86,5.93
Coimbatore_Sugarcane_Field_20240315_rep1,Coimbatore Sugarcane Field,unpolluted,2024-03-15,7.94,32.9,1.41,34.01,31.5
Coimbatore_Sugarcane_Field_20240315_rep2,Coimbatore Sugarcane Field,unpolluted,2024-03-15,6.96,48.3,3.01,26.96,16.47
Coimbatore_Sugarcane_Field_20240315_rep3,Coimbatore Sugarcane Field,unpolluted,2024-03-15,7.16,35.8,3.69,31.16,19.64
Coimbatore_Sugarcane_Field_20240315_rep4,Coimbatore Sugarcane Field,unpolluted,2024-03-15,6.74,43.9,2.72,29.65,16.76
Coimbatore_Sugarcane_Field_20240415_rep1,Coimbatore Sugarcane Field,unpolluted,2024-04-15,7.14,33.2,1.16,26.46,15.68
Coimbatore_Sugarcane_Field_20240415_rep2,Coimbatore Sugarcane Field,polluted,2024-04-15,5.79,39.6,1.5,28.3,53.76
Coimbatore_Sugarcane_Field_20240415_rep3,Coimbatore Sugarcane Field,unpolluted,2024-04-15,7.32,42.7,3.71,32.0,17.51
Coimbatore_Sugarcane_Field_20240415_rep4,Coimbatore Sugarcane Field,unpolluted,2024-04-15,7.09,45.9,1.39,27.79,18.48
Coimbatore_Sugarcane_Field_20240415_rep5,Coimbatore Sugarcane Field,unpolluted,2024-04-15,7.86,27.1,3.1,28.21,28.12
Coimbatore_Sugarcane_Field_20240515_rep1,Coimbatore Sugarcane Field,unpolluted,2024-05-15,6.81,47.5,2.99,32.47,19.58
Coimbatore_Sugarcane_Field_20240515_rep2,Coimbatore Sugarcane Field,unpolluted,2024-05-15,7.3,35.0,3.16,29.03,21.36
Coimbatore_Sugarcane_Field_20240515_rep3,Coimbatore Sugarcane Field,unpolluted,2024-05-15,7.51,46.5,2.13,28.78,4.79
Coimbatore_Sugarcane_Field_20240515_rep4,Coimbatore Sugarcane Field,unpolluted,2024-05-15,7.35,26.2,4.52,25.69,13.36
Nagpur_Cotton_Field_20240115_rep1,Nagpur Cotton Field,polluted,2024-01-15,6.32,37.1,2.95,31.53,59.51
Nagpur_Cotton_Field_20240115_rep2,Nagpur Cotton Field,unpolluted,2024-01-15,7.14,31.7,3.44,27.7,22.98
Nagpur_Cotton_Field_20240115_rep3,Nagpur Cotton Field,polluted,2024-01-15,6.13,29.1,1.59,30.69,67.25
Nagpur_Cotton_Field_20240115_rep4,Nagpur Cotton Field,polluted,2024-01-15,6.34,33.3,2.46,30.7,44.4
Nagpur_Cotton_Field_20240115_rep5,Nagpur Cotton Field,unpolluted,2024-01-15,7.33,39.6,4.25,29.33,14.82
Nagpur_Cotton_Field_20240215_rep1,Nagpur Cotton Field,polluted,2024-02-15,6.79,32.7,1.38,30.89,50.84
Nagpur_Cotton_Field_20240215_rep2,Nagpur Cotton Field,unpolluted,2024-02-15,7.41,39.1,3.12,26.95,21.34
Nagpur_Cotton_Field_20240215_rep3,Nagpur Cotton Field,polluted,2024-02-15,6.01,28.8,2.89,29.97,59.4
Nagpur_Cotton_Field_20240215_rep4,Nagpur Cotton Field,unpolluted,2024-02-15,6.36,45.9,3.16,31.75,18.29
Nagpur_Cotton_Field_20240315_rep1,Nagpur Cotton Field,unpolluted,2024-03-15,7.38,41.9,3.45,29.2,18.57
Nagpur_Cotton_Field_20240315_rep2,Nagpur Cotton Field,polluted,2024-03-15,5.45,25.9,3.05,31.09,43.93
Nagpur_Cotton_Field_20240315_rep3,Nagpur Cotton Field,polluted,2024-03-15,6.9,28.8,2.34,33.95,54.64
Nagpur_Cotton_Field_20240315_rep4,Nagpur Cotton Field,unpolluted,2024-03-15,7.27,41.4,3.19,30.26,7.95
Nagpur_Cotton_Field_20240315_rep5,Nagpur Cotton Field,polluted,2024-03-15,5.47,40.8,2.18,32.84,62.95
Nagpur_Cotton_Field_20240315_rep6,Nagpur Cotton Field,polluted,2024-03-15,5.93,26.3,1.47,31.77,34.02
Nagpur_Cotton_Field_20240415_rep1,Nagpur Cotton Field,unpolluted,2024-04-15,6.98,38.2,4.55,26.54,21.13
Nagpur_Cotton_Field_20240415_rep2,Nagpur Cotton Field,polluted,2024-04-15,5.79,29.9,2.76,30.06,43.04
Nagpur_Cotton_Field_20240415_rep3,Nagpur Cotton Field,polluted,2024-04-15,6.41,42.3,1.85,32.2,28.78
Nagpur_Cotton_Field_20240415_rep4,Nagpur Cotton Field,polluted,2024-04-15,5.2,26.5,2.63,29.45,68.08
Nagpur_Cotton_Field_20240415_rep5,Nagpur Cotton Field,polluted,2024-04-15,5.71,21.9,3.57,34.47,59.8
Nagpur_Cotton_Field_20240515_rep1,Nagpur Cotton Field,unpolluted,2024-05-15,6.98,34.1,3.12,27.93,12.6
Nagpur_Cotton_Field_20240515_rep2,Nagpur Cotton Field,unpolluted,2024-05-15,7.13,47.5,3.54,27.86,18.45
Nagpur_Cotton_Field_20240515_rep3,Nagpur Cotton Field,polluted,2024-05-15,6.46,31.9,3.24,33.67,63.81
Nagpur_Cotton_Field_20240515_rep4,Nagpur Cotton Field,polluted,2024-05-15,5.95,32.0,3.68,32.52,33.95
Nagpur_Cotton_Field_20240515_rep5,Nagpur Cotton Field,polluted,2024-05-15,5.52,23.1,1.54,37.89,64.26
Nagpur_Cotton_Field_20240515_rep6,Nagpur Cotton Field,unpolluted,2024-05-15,7.47,26.3,4.76,31.39,15.49
Jaipur_Mustard_Farm_20240115_rep1,Jaipur Mustard Farm,unpolluted,2024-01-15,7.22,51.4,2.17,26.58,18.75
Jaipur_Mustard_Farm_20240115_rep2,Jaipur Mustard Farm,unpolluted,2024-01-15,7.14,40.6,2.82,27.37,29.28
Jaipur_Mustard_Farm_20240115_rep3,Jaipur Mustard Farm,polluted,2024-01-15,6.1,37.3,2.35,30.64,57.97
Jaipur_Mustard_Farm_20240115_rep4,Jaipur Mustard Farm,unpolluted,2024-01-15,7.38,43.1,3.24,26.05,24.32
Jaipur_Mustard_Farm_20240115_rep5,Jaipur Mustard Farm,unpolluted,2024-01-15,7.28,39.0,4.72,28.35,23.39
Jaipur_Mustard_Farm_20240115_rep6,Jaipur Mustard Farm,unpolluted,2024-01-15,7.12,37.4,3.1,29.14,20.43
Jaipur_Mustard_Farm_20240215_rep1,Jaipur Mustard Farm,unpolluted,2024-02-15,6.86,40.5,2.05,32.22,1.65
Jaipur_Mustard_Farm_20240215_rep2,Jaipur Mustard Farm,unpolluted,2024-02-15,7.18,44.2,3.77,29.14,35.7
Jaipur_Mustard_Farm_20240215_rep3,Jaipur Mustard Farm,polluted,2024-02-15,5.23,32.5,2.85,30.4,56.2
Jaipur_Mustard_Farm_20240215_rep4,Jaipur Mustard Farm,unpolluted,2024-02-15,7.49,50.0,2.44,27.77,25.55
Jaipur_Mustard_Farm_20240215_rep5,Jaipur Mustard Farm,unpolluted,2024-02-15,7.09,32.9,4.04,30.63,14.83
Jaipur_Mustard_Farm_20240215_rep6,Jaipur Mustard Farm,unpolluted,2024-02-15,7.42,40.0,3.43,29.92,22.55
Jaipur_Mustard_Farm_20240315_rep1,Jaipur Mustard Farm,unpolluted,2024-03-15,6.87,41.1,4.22,29.26,16.06
Jaipur_Mustard_Farm_20240315_rep2,Jaipur Mustard Farm,unpolluted,2024-03-15,7.22,36.7,2.72,30.58,31.57
Jaipur_Mustard_Farm_20240315_rep3,Jaipur Mustard Farm,unpolluted,2024-03-15,7.62,47.7,4.5,28.35,11.11
Jaipur_Mustard_Farm_20240315_rep4,Jaipur Mustard Farm,unpolluted,2024-03-15,7.47,46.6,3.53,28.97,14.86
Jaipur_Mustard_Farm_20240315_rep5,Jaipur Mustard Farm,unpolluted,2024-03-15,7.99,46.8,3.62,30.06,17.49
Jaipur_Mustard_Farm_20240415_rep1,Jaipur Mustard Farm,unpolluted,2024-04-15,7.25,37.9,2.35,27.93,20.12
Jaipur_Mustard_Farm_20240415_rep2,Jaipur Mustard Farm,polluted,2024-04-15,5.57,37.2,2.8,34.95,52.28
Jaipur_Mustard_Farm_20240415_rep3,Jaipur Mustard Farm,unpolluted,2024-04-15,6.92,47.3,3.69,30.69,26.44
Jaipur_Mustard_Farm_20240515_rep1,Jaipur Mustard Farm,unpolluted,2024-05-15,7.61,33.3,3.37,29.01,9.68
Jaipur_Mustard_Farm_20240515_rep2,Jaipur Mustard Farm,unpolluted,2024-05-15,6.86,43.3,3.48,31.14,15.25
Jaipur_Mustard_Farm_20240515_rep3,Jaipur Mustard Farm,unpolluted,2024-05-15,7.3,47.8,4.66,30.23,23.48
Jaipur_Mustard_Farm_20240515_rep4,Jaipur Mustard Farm,unpolluted,2024-05-15,7.52,31.5,1.99,25.65,18.66
Jaipur_Mustard_Farm_20240515_rep5,Jaipur Mustard Farm,unpolluted,2024-05-15,6.4,25.3,3.13,27.94,18.69
Assam_Tea_Plantation_20240115_rep1,Assam Tea Plantation,unpolluted,2024-01-15,6.96,33.2,2.51,28.35,9.0
Assam_Tea_Plantation_20240115_rep2,Assam Tea Plantation,unpolluted,2024-01-15,7.11,33.4,2.57,27.81,1.49
Assam_Tea_Plantation_20240115_rep3,Assam Tea Plantation,unpolluted,2024-01-15,7.38,35.8,3.69,28.1,9.87
Assam_Tea_Plantation_20240115_rep4,Assam Tea Plantation,unpolluted,2024-01-15,7.12,40.8,0.8,30.57,22.88
Assam_Tea_Plantation_20240215_rep1,Assam Tea Plantation,unpolluted,2024-02-15,6.76,36.1,1.35,32.62,22.76
Assam_Tea_Plantation_20240215_rep2,Assam Tea Plantation,unpolluted,2024-02-15,7.36,40.1,3.01,32.04,15.98
Assam_Tea_Plantation_20240215_rep3,Assam Tea Plantation,unpolluted,2024-02-15,6.51,29.1,3.36,29.2,19.93
Assam_Tea_Plantation_20240215_rep4,Assam Tea Plantation,unpolluted,2024-02-15,7.81,53.9,1.86,29.1,13.13
Assam_Tea_Plantation_20240215_rep5,Assam Tea Plantation,polluted,2024-02-15,5.92,27.3,1.59,30.99,44.65
Assam_Tea_Plantation_20240215_rep6,Assam Tea Plantation,unpolluted,2024-02-15,7.05,39.7,2.75,31.17,10.8
Assam_Tea_Plantation_20240315_rep1,Assam Tea Plantation,unpolluted,2024-03-15,6.97,36.2,4.2,30.66,21.91
Assam_Tea_Plantation_20240315_rep2,Assam Tea Plantation,unpolluted,2024-03-15,7.19,28.2,3.4,27.65,12.38
Assam_Tea_Plantation_20240315_rep3,Assam Tea Plantation,unpolluted,2024-03-15,6.9,34.9,2.85,28.34,6.56
Assam_Tea_Plantation_20240315_rep4,Assam Tea Plantation,polluted,2024-03-15,6.59,37.0,2.33,32.89,37.05
Assam_Tea_Plantation_20240315_rep5,Assam Tea Plantation,unpolluted,2024-03-15,7.12,28.1,3.55,29.92,11.77
Assam_Tea_Plantation_20240415_rep1,Assam Tea Plantation,unpolluted,2024-04-15,6.79,35.3,2.14,30.17,19.59
Assam_Tea_Plantation_20240415_rep2,Assam Tea Plantation,unpolluted,2024-04-15,7.33,36.3,2.92,29.41,22.91
Assam_Tea_Plantation_20240415_rep3,Assam Tea Plantation,unpolluted,2024-04-15,6.74,33.4,3.09,28.07,28.62
Assam_Tea_Plantation_20240415_rep4,Assam Tea Plantation,unpolluted,2024-04-15,6.7,39.8,2.84,28.26,12.16
Assam_Tea_Plantation_20240415_rep5,Assam Tea Plantation,unpolluted,2024-04-15,6.95,41.4,3.32,28.16,22.93
Assam_Tea_Plantation_20240515_rep1,Assam Tea Plantation,unpolluted,2024-05-15,7.41,40.9,2.43,29.6,15.29
Assam_Tea_Plantation_20240515_rep2,Assam Tea Plantation,polluted,2024-05-15,6.03,40.5,1.42,30.94,71.74
Assam_Tea_Plantation_20240515_rep3,Assam Tea Plantation,unpolluted,2024-05-15,7.93,33.1,4.28,28.74,15.19
Assam_Tea_Plantation_20240515_rep4,Assam Tea Plantation,unpolluted,2024-05-15,7.8,29.2,5.03,29.54,15.44
Bhopal_Soybean_Zone_20240115_rep1,Bhopal Soybean Zone,polluted,2024-01-15,6.51,35.2,3.18,30.45,39.35
Bhopal_Soybean_Zone_20240115_rep2,Bhopal Soybean Zone,polluted,2024-01-15,6.86,42.7,1.66,32.45,57.74
Bhopal_Soybean_Zone_20240115_rep3,Bhopal Soybean Zone,polluted,2024-01-15,6.29,28.6,2.68,32.91,50.3
Bhopal_Soybean_Zone_20240215_rep1,Bhopal Soybean Zone,polluted,2024-02-15,6.22,34.9,2.75,33.85,29.1
Bhopal_Soybean_Zone_20240215_rep2,Bhopal Soybean Zone,polluted,2024-02-15,6.19,41.0,1.64,30.82,52.78
Bhopal_Soybean_Zone_20240215_rep3,Bhopal Soybean Zone,polluted,2024-02-15,5.87,38.3,2.71,31.95,40.35
Bhopal_Soybean_Zone_20240215_rep4,Bhopal Soybean Zone,unpolluted,2024-02-15,7.14,38.4,3.27,32.5,21.01
Bhopal_Soybean_Zone_20240215_rep5,Bhopal Soybean Zone,unpolluted,2024-02-15,7.02,36.1,2.49,27.81,23.8
Bhopal_Soybean_Zone_20240215_rep6,Bhopal Soybean Zone,polluted,2024-02-15,5.72,34.2,2.73,27.68,52.59
Bhopal_Soybean_Zone_20240315_rep1,Bhopal Soybean Zone,polluted,2024-03-15,5.49,38.2,1.21,31.74,52.51
Bhopal_Soybean_Zone_20240315_rep2,Bhopal Soybean Zone,polluted,2024-03-15,6.6,24.7,2.74,31.72,60.53
Bhopal_Soybean_Zone_20240315_rep3,Bhopal Soybean Zone,polluted,2024-03-15,5.88,17.5,2.05,30.31,61.19
Bhopal_Soybean_Zone_20240415_rep1,Bhopal Soybean Zone,unpolluted,2024-04-15,6.99,37.0,3.58,30.6,16.18
Bhopal_Soybean_Zone_20240415_rep2,Bhopal Soybean Zone,polluted,2024-04-15,6.12,42.7,2.31,29.85,53.5
Bhopal_Soybean_Zone_20240415_rep3,Bhopal Soybean Zone,unpolluted,2024-04-15,7.42,34.1,1.92,28.09,14.52
Bhopal_Soybean_Zone_20240415_rep4,Bhopal Soybean Zone,unpolluted,2024-04-15,7.2,39.9,2.5,30.27,19.4
Bhopal_Soybean_Zone_20240415_rep5,Bhopal Soybean Zone,polluted,2024-04-15,6.42,26.8,2.24,30.42,35.65
Bhopal_Soybean_Zone_20240415_rep6,Bhopal Soybean Zone,polluted,2024-04-15,6.12,28.6,1.42,30.07,57.92
Bhopal_Soybean_Zone_20240515_rep1,Bhopal Soybean Zone,unpolluted,2024-05-15,7.71,44.3,2.18,26.56,5.86
Bhopal_Soybean_Zone_20240515_rep2,Bhopal Soybean Zone,polluted,2024-05-15,6.74,37.7,1.59,30.81,54.8
Bhopal_Soybean_Zone_20240515_rep3,Bhopal Soybean Zone,polluted,2024-05-15,5.77,51.0,3.4,28.17,64.78
Kerala_Paddy_Wetland_20240115_rep1,Kerala Paddy Wetland,unpolluted,2024-01-15,7.28,45.7,2.63,28.64,14.73
Kerala_Paddy_Wetland_20240115_rep2,Kerala Paddy Wetland,unpolluted,2024-01-15,7.22,46.6,2.68,30.97,15.52
Kerala_Paddy_Wetland_20240115_rep3,Kerala Paddy Wetland,unpolluted,2024-01-15,7.52,30.9,4.52,26.48,17.92
Kerala_Paddy_Wetland_20240115_rep4,Kerala Paddy Wetland,polluted,2024-01-15,6.69,42.0,2.25,29.3,51.19
Kerala_Paddy_Wetland_20240115_rep5,Kerala Paddy Wetland,unpolluted,2024-01-15,7.43,41.9,2.33,29.65,15.87
Kerala_Paddy_Wetland_20240115_rep6,Kerala Paddy Wetland,unpolluted,2024-01-15,7.08,47.4,3.03,28.85,24.18
Kerala_Paddy_Wetland_20240215_rep1,Kerala Paddy Wetland,polluted,2024-02-15,6.45,37.7,1.66,28.0,81.27
Kerala_Paddy_Wetland_20240215_rep2,Kerala Paddy Wetland,unpolluted,2024-02-15,6.72,40.5,2.63,31.41,21.8
Kerala_Paddy_Wetland_20240215_rep3,Kerala Paddy Wetland,unpolluted,2024-02-15,7.27,39.5,2.87,28.41,19.07
Kerala_Paddy_Wetland_20240315_rep1,Kerala Paddy Wetland,unpolluted,2024-03-15,6.89,40.0,3.32,28.28,19.32
Kerala_Paddy_Wetland_20240315_rep2,Kerala Paddy Wetland,unpolluted,2024-03-15,7.13,36.6,2.52,27.91,20.23
Kerala_Paddy_Wetland_20240315_rep3,Kerala Paddy Wetland,unpolluted,2024-03-15,7.53,33.1,2.25,28.35,28.81
Kerala_Paddy_Wetland_20240315_rep4,Kerala Paddy Wetland,unpolluted,2024-03-15,7.16,42.8,2.17,27.77,19.67
Kerala_Paddy_Wetland_20240415_rep1,Kerala Paddy Wetland,unpolluted,2024-04-15,6.8,45.6,1.9,32.42,21.11
Kerala_Paddy_Wetland_20240415_rep2,Kerala Paddy Wetland,unpolluted,2024-04-15,6.94,45.0,2.96,29.79,15.6
Kerala_Paddy_Wetland_20240415_rep3,Kerala Paddy Wetland,unpolluted,2024-04-15,7.46,31.6,2.92,30.69,12.81
Kerala_Paddy_Wetland_20240415_rep4,Kerala Paddy Wetland,unpolluted,2024-04-15,6.95,28.9,3.31,27.09,15.69
Kerala_Paddy_Wetland_20240415_rep5,Kerala Paddy Wetland,unpolluted,2024-04-15,7.29,38.3,2.31,31.77,30.05
Kerala_Paddy_Wetland_20240515_rep1,Kerala Paddy Wetland,unpolluted,2024-05-15,7.66,32.8,2.91,28.06,20.97
Kerala_Paddy_Wetland_20240515_rep2,Kerala Paddy Wetland,unpolluted,2024-05-15,6.86,36.6,4.25,30.97,15.82
Kerala_Paddy_Wetland_20240515_rep3,Kerala Paddy Wetland,unpolluted,2024-05-15,7.55,38.3,3.24,29.2,23.57
Kerala_Paddy_Wetland_20240515_rep4,Kerala Paddy Wetland,unpolluted,2024-05-15,7.57,38.6,1.93,28.57,10.9
Punjab_Wheat_Belt_20240115_rep1,Punjab Wheat Belt,unpolluted,2024-01-15,7.48,34.7,2.75,31.05,10.9
Punjab_Wheat_Belt_20240115_rep2,Punjab Wheat Belt,unpolluted,2024-01-15,7.11,43.1,2.97,29.6,19.89
Punjab_Wheat_Belt_20240115_rep3,Punjab Wheat Belt,unpolluted,2024-01-15,7.29,47.3,2.91,31.36,29.21
Punjab_Wheat_Belt_20240115_rep4,Punjab Wheat Belt,unpolluted,2024-01-15,7.17,47.4,2.27,28.17,28.36
Punjab_Wheat_Belt_20240115_rep5,Punjab Wheat Belt,unpolluted,2024-01-15,7.2,38.1,2.9,28.44,16.58
Punjab_Wheat_Belt_20240215_rep1,Punjab Wheat Belt,unpolluted,2024-02-15,6.9,43.7,3.15,26.91,17.75
Punjab_Wheat_Belt_20240215_rep2,Punjab Wheat Belt,unpolluted,2024-02-15,6.63,42.4,3.45,28.52,25.0
Punjab_Wheat_Belt_20240215_rep3,Punjab Wheat Belt,unpolluted,2024-02-15,6.77,38.6,4.84,28.67,20.17
Punjab_Wheat_Belt_20240215_rep4,Punjab Wheat Belt,unpolluted,2024-02-15,7.75,34.5,3.55,30.22,22.3
Punjab_Wheat_Belt_20240215_rep5,Punjab Wheat Belt,unpolluted,2024-02-15,7.96,45.2,3.33,28.86,18.79
Punjab_Wheat_Belt_20240215_rep6,Punjab Wheat Belt,unpolluted,2024-02-15,8.13,38.2,2.51,30.5,16.04
Punjab_Wheat_Belt_20240315_rep1,Punjab Wheat Belt,unpolluted,2024-03-15,7.13,34.2,3.76,29.23,28.96
Punjab_Wheat_Belt_20240315_rep2,Punjab Wheat Belt,unpolluted,2024-03-15,6.96,44.4,2.34,30.93,21.21
Punjab_Wheat_Belt_20240315_rep3,Punjab Wheat Belt,polluted,2024-03-15,5.67,33.4,0.99,33.88,48.77
Punjab_Wheat_Belt_20240315_rep4,Punjab Wheat Belt,polluted,2024-03-15,5.37,32.9,0.83,29.49,66.0
Punjab_Wheat_Belt_20240315_rep5,Punjab Wheat Belt,unpolluted,2024-03-15,7.81,36.6,1.68,29.34,13.83
Punjab_Wheat_Belt_20240315_rep6,Punjab Wheat Belt,unpolluted,2024-03-15,7.24,43.0,2.79,32.08,18.83
Punjab_Wheat_Belt_20240415_rep1,Punjab Wheat Belt,unpolluted,2024-04-15,7.39,37.0,2.29,30.42,26.05
Punjab_Wheat_Belt_20240415_rep2,Punjab Wheat Belt,unpolluted,2024-04-15,6.67,42.0,3.14,28.07,14.48
Punjab_Wheat_Belt_20240415_rep3,Punjab Wheat Belt,unpolluted,2024-04-15,7.51,27.5,2.25,29.15,15.07
Punjab_Wheat_Belt_20240415_rep4,Punjab Wheat Belt,unpolluted,2024-04-15,6.78,33.4,2.53,27.37,33.95
Punjab_Wheat_Belt_20240415_rep5,Punjab Wheat Belt,unpolluted,2024-04-15,7.56,37.8,3.31,28.37,17.0
Punjab_Wheat_Belt_20240515_rep1,Punjab Wheat Belt,unpolluted,2024-05-15,6.87,39.1,3.59,31.05,14.36
Punjab_Wheat_Belt_20240515_rep2,Punjab Wheat Belt,unpolluted,2024-05-15,6.82,35.5,3.7,26.17,25.42
Punjab_Wheat_Belt_20240515_rep3,Punjab Wheat Belt,unpolluted,2024-05-15,7.36,40.3,3.6,27.66,18.22
Punjab_Wheat_Belt_20240515_rep4,Punjab Wheat Belt,unpolluted,2024-05-15,7.16,47.3,1.99,26.46,37.26
Punjab_Wheat_Belt_20240515_rep5,Punjab Wheat Belt,unpolluted,2024-05-15,6.66,33.6,3.51,26.82,16.5
Punjab_Wheat_Belt_20240515_rep6,Punjab Wheat Belt,unpolluted,2024-05-15,6.91,45.7,2.91,27.83,19.47
Varanasi_Rice_Farm_20240115_rep1,Varanasi Rice Farm,polluted,2024-01-15,6.35,27.8,1.53,32.87,72.07
Varanasi_Rice_Farm_20240115_rep2,Varanasi Rice Farm,polluted,2024-01-15,5.88,14.2,1.55,33.6,53.14
Varanasi_Rice_Farm_20240115_rep3,Varanasi Rice Farm,polluted,2024-01-15,6.26,39.6,2.54,29.8,53.05
Varanasi_Rice_Farm_20240115_rep4,Varanasi Rice Farm,polluted,2024-01-15,6.05,35.9,2.36,35.34,56.12
Varanasi_Rice_Farm_20240115_rep5,Varanasi Rice Farm,polluted,2024-01-15,5.73,43.9,2.16,31.29,56.53
Varanasi_Rice_Farm_20240115_rep6,Varanasi Rice Farm,polluted,2024-01-15,6.49,25.3,2.71,31.64,38.92
Varanasi_Rice_Farm_20240215_rep1,Varanasi Rice Farm,unpolluted,2024-02-15,6.86,31.5,2.44,28.36,17.48
Varanasi_Rice_Farm_20240215_rep2,Varanasi Rice Farm,unpolluted,2024-02-15,7.71,34.8,2.69,26.07,18.21
Varanasi_Rice_Farm_20240215_rep3,Varanasi Rice Farm,unpolluted,2024-02-15,7.57,38.8,2.01,26.97,17.05
Varanasi_Rice_Farm_20240215_rep4,Varanasi Rice Farm,polluted,2024-02-15,5.57,38.9,1.98,32.63,37.24
Varanasi_Rice_Farm_20240315_rep1,Varanasi Rice Farm,polluted,2024-03-15,5.01,33.4,3.1,31.09,46.82
Varanasi_Rice_Farm_20240315_rep2,Varanasi Rice Farm,polluted,2024-03-15,6.3,28.8,3.03,30.21,55.97
Varanasi_Rice_Farm_20240315_rep3,Varanasi Rice Farm,polluted,2024-03-15,5.42,32.3,2.12,29.92,44.79
Varanasi_Rice_Farm_20240315_rep4,Varanasi Rice Farm,polluted,2024-03-15,6.42,38.7,1.67,30.73,63.06
Varanasi_Rice_Farm_20240315_rep5,Varanasi Rice Farm,polluted,2024-03-15,5.73,31.9,1.7,32.42,53.59
Varanasi_Rice_Farm_20240315_rep6,Varanasi Rice Farm,polluted,2024-03-15,6.1,26.0,2.39,32.25,52.84
Varanasi_Rice_Farm_20240415_rep1,Varanasi Rice Farm,polluted,2024-04-15,5.74,24.0,0.79,35.12,66.7
Varanasi_Rice_Farm_20240415_rep2,Varanasi Rice Farm,polluted,2024-04-15,5.86,31.5,2.93,30.67,31.73
Varanasi_Rice_Farm_20240415_rep3,Varanasi Rice Farm,unpolluted,2024-04-15,7.34,36.0,2.84,27.37,27.06
Varanasi_Rice_Farm_20240515_rep1,Varanasi Rice Farm,unpolluted,2024-05-15,7.83,34.6,4.25,30.21,24.79
Varanasi_Rice_Farm_20240515_rep2,Varanasi Rice Farm,unpolluted,2024-05-15,7.18,23.2,3.61,28.89,7.56
Varanasi_Rice_Farm_20240515_rep3,Varanasi Rice Farm,unpolluted,2024-05-15,7.71,44.5,2.49,26.11,19.7
Varanasi_Rice_Farm_20240515_rep4,Varanasi Rice Farm,unpolluted,2024-05-15,7.4,40.4,2.54,26.96,4.19
Varanasi_Rice_Farm_20240515_rep5,Varanasi Rice Farm,unpolluted,2024-05-15,7.06,32.5,2.97,29.63,17.46
Varanasi_Rice_Farm_20240515_rep6,Varanasi Rice Farm,unpolluted,2024-05-15,7.84,46.5,2.52,29.11,10.02
Coimbatore_Sugarcane_Field_20240115_rep1,Coimbatore Sugarcane Field,unpolluted,2024-01-15,7.95,41.5,4.0,29.98,10.51
Coimbatore_Sugarcane_Field_20240115_rep2,Coimbatore Sugarcane Field,unpolluted,2024-01-15,7.07,32.8,3.88,28.32,28.83
Coimbatore_Sugarcane_Field_20240115_rep3,Coimbatore Sugarcane Field,unpolluted,2024-01-15,7.15,45.0,2.08,31.67,13.14
Coimbatore_Sugarcane_Field_20240215_rep1,Coimbatore Sugarcane Field,unpolluted,2024-02-15,7.58,34.8,4.3,28.96,11.43
Coimbatore_Sugarcane_Field_20240215_rep2,Coimbatore Sugarcane Field,unpolluted,2024-02-15,7.56,31.8,3.72,27.57,13.83
Coimbatore_Sugarcane_Field_20240215_rep3,Coimbatore Sugarcane Field,unpolluted,2024-02-15,7.07,37.9,2.81,25.2,16.59
Coimbatore_Sugarcane_Field_20240215_rep4,Coimbatore Sugarcane Field,unpolluted,2024-02-15,7.37,37.7,3.57,29.51,24.99
Coimbatore_Sugarcane_Field_20240215_rep5,Coimbatore Sugarcane Field,unpolluted,2024-02-15,7.12,38.7,2.66,24.62,9.94
Coimbatore_Sugarcane_Field_20240215_rep6,Coimbatore Sugarcane Field,unpolluted,2024-02-15,6.45,35.7,2.6,29.6,25.31
Coimbatore_Sugarcane_Field_20240315_rep1,Coimbatore Sugarcane Field,unpolluted,2024-03-15,7.42,41.8,2.2,28.38,7.75
Coimbatore_Sugarcane_Field_20240315_rep2,Coimbatore Sugarcane Field,unpolluted,2024-03-15,7.56,29.9,4.7,26.13,17.82
Coimbatore_Sugarcane_Field_20240315_rep3,Coimbatore Sugarcane Field,unpolluted,2024-03-15,6.41,35.5,1.91,27.13,18.97
Coimbatore_Sugarcane_Field_20240315_rep4,Coimbatore Sugarcane Field,unpolluted,2024-03-15,7.58,38.7,2.45,28.19,20.55
Coimbatore_Sugarcane_Field_20240315_rep5,Coimbatore Sugarcane Field,unpolluted,2024-03-15,6.95,34.7,3.37,29.97,11.69
Coimbatore_Sugarcane_Field_20240415_rep1,Coimbatore Sugarcane Field,unpolluted,2024-04-15,7.08,41.7,1.5,27.42,19.24
Coimbatore_Sugarcane_Field_20240415_rep2,Coimbatore Sugarcane Field,unpolluted,2024-04-15,6.92,43.0,1.83,31.26,8.41
Coimbatore_Sugarcane_Field_20240415_rep3,Coimbatore Sugarcane Field,unpolluted,2024-04-15,7.56,40.1,2.59,30.13,19.61
Coimbatore_Sugarcane_Field_20240415_rep4,Coimbatore Sugarcane Field,unpolluted,2024-04-15,7.21,32.1,1.35,33.86,29.49
Coimbatore_Sugarcane_Field_20240515_rep1,Coimbatore Sugarcane Field,unpolluted,2024-05-15,6.51,29.9,3.38,32.14,16.86
Coimbatore_Sugarcane_Field_20240515_rep2,Coimbatore Sugarcane Field,unpolluted,2024-05-15,7.06,37.3,4.51,32.02,15.95
Coimbatore_Sugarcane_Field_20240515_rep3,Coimbatore Sugarcane Field,unpolluted,2024-05-15,7.46,37.4,6.17,28.4,20.94
Coimbatore_Sugarcane_Field_20240515_rep4,Coimbatore Sugarcane Field,unpolluted,2024-05-15,7.5,47.9,3.81,32.48,15.25
Coimbatore_Sugarcane_Field_20240515_rep5,Coimbatore Sugarcane Field,unpolluted,2024-05-15,7.14,35.9,3.41,31.92,28.75
Nagpur_Cotton_Field_20240115_rep1,Nagpur Cotton Field,unpolluted,2024-01-15,7.13,39.0,4.58,28.91,9.25
Nagpur_Cotton_Field_20240115_rep2,Nagpur Cotton Field,unpolluted,2024-01-15,7.6,37.1,3.02,30.16,28.48
Nagpur_Cotton_Field_20240115_rep3,Nagpur Cotton Field,unpolluted,2024-01-15,7.21,32.1,4.68,27.79,10.39
Nagpur_Cotton_Field_20240115_rep4,Nagpur Cotton Field,unpolluted,2024-01-15,7.5,37.4,3.75,29.04,17.96
Nagpur_Cotton_Field_20240115_rep5,Nagpur Cotton Field,unpolluted,2024-01-15,6.71,45.5,3.42,28.75,13.46
Nagpur_Cotton_Field_20240215_rep1,Nagpur Cotton Field,unpolluted,2024-02-15,7.07,33.2,3.12,32.58,15.48
Nagpur_Cotton_Field_20240215_rep2,Nagpur Cotton Field,unpolluted,2024-02-15,7.18,41.1,2.79,27.26,19.97
Nagpur_Cotton_Field_20240215_rep3,Nagpur Cotton Field,unpolluted,2024-02-15,7.97,45.0,3.53,31.65,28.1
Nagpur_Cotton_Field_20240215_rep4,Nagpur Cotton Field,unpolluted,2024-02-15,7.03,35.4,3.67,28.9,32.17
Nagpur_Cotton_Field_20240215_rep5,Nagpur Cotton Field,unpolluted,2024-02-15,7.06,37.5,2.62,27.86,23.15
Nagpur_Cotton_Field_20240215_rep6,Nagpur Cotton Field,unpolluted,2024-02-15,7.45,36.7,2.74,27.5,17.48
Nagpur_Cotton_Field_20240315_rep1,Nagpur Cotton Field,unpolluted,2024-03-15,7.45,52.2,2.78,26.33,21.49
Nagpur_Cotton_Field_20240315_rep2,Nagpur Cotton Field,unpolluted,2024-03-15,7.25,39.3,3.57,29.79,27.51
Nagpur_Cotton_Field_20240315_rep3,Nagpur Cotton Field,unpolluted,2024-03-15,7.48,37.1,3.5,30.42,28.02
Nagpur_Cotton_Field_20240315_rep4,Nagpur Cotton Field,unpolluted,2024-03-15,7.27,38.5,2.11,30.47,24.32
Nagpur_Cotton_Field_20240315_rep5,Nagpur Cotton Field,unpolluted,2024-03-15,7.8,43.8,3.93,31.35,20.96
Nagpur_Cotton_Field_20240315_rep6,Nagpur Cotton Field,unpolluted,2024-03-15,7.7,37.2,3.11,30.47,6.72
Nagpur_Cotton_Field_20240415_rep1,Nagpur Cotton Field,unpolluted,2024-04-15,7.54,38.0,5.61,29.14,28.6
Nagpur_Cotton_Field_20240415_rep2,Nagpur Cotton Field,unpolluted,2024-04-15,7.49,31.7,1.98,28.17,21.23
Nagpur_Cotton_Field_20240415_rep3,Nagpur Cotton Field,unpolluted,2024-04-15,7.97,24.4,3.93,28.19,3.1
